start_station_id,station_name,lat,lon
257.0,Lispenard St & Broadway,40.719,-74.00247214
468.0,Broadway & W 55 St,40.764,-73.983
317.0,E 6 St & Avenue B,40.72453734,-73.98185424
3145.0,E 84 St & Park Ave,40.77862688,-73.959
174.0,E 25 St & 1 Ave,40.737,-73.97738662
504.0,1 Ave & E 15 St,40.731,-73.983
153.0,E 40 St & 5 Ave,40.752062307,-73.9816324043
493.0,W 45 St & 6 Ave,40.7568001,-73.98291153
345.0,W 13 St & 6 Ave,40.73649403,-73.99704374
331.0,Pike St & Monroe St,40.71173107,-73.992
472.0,E 32 St & Park Ave,40.7457121,-73.983
128.0,MacDougal St & Prince St,40.72710258,-74.00297088
3172.0,W 74 St & Columbus Ave,40.7785669,-73.97754961
120.0,Lexington Ave & Classon Ave,40.68676793,-73.95928168
3336.0,E 97 St & Madison Ave,40.787801,-73.953559
3518.0,Lenox Ave & W 126 St,40.808442,-73.9452087
3295.0,Central Park W & W 96 St,40.791,-73.965
326.0,E 11 St & 1 Ave,40.72953837,-73.98426726
3508.0,St Nicholas Ave & Manhattan Ave,40.809725,-73.953149
3175.0,W 70 St & Amsterdam Ave,40.776,-73.983
3075.0,Division Ave & Marcy Ave,40.70708701,-73.95796783
494.0,W 26 St & 8 Ave,40.746,-73.998
367.0,E 53 St & Lexington Ave,40.75828065,-73.97069431
3223.0,E 55 St & 3 Ave,40.758996559605123,-73.968653976917267
439.0,E 4 St & 2 Ave,40.7262807,-73.98978041
373.0,Willoughby Ave & Walworth St,40.69331716,-73.95381995
355.0,Bayard St & Baxter St,40.71602118,-73.99974372
474.0,5 Ave & E 29 St,40.7451677,-73.98683077
242.0,Carlton Ave & Flushing Ave,40.697787,-73.974
390.0,Duffield St & Willoughby St,40.692,-73.9842844
448.0,W 37 St & 10 Ave,40.75660359,-73.998
497.0,E 17 St & Broadway,40.737,-73.99009296
438.0,St Marks Pl & 1 Ave,40.72779126,-73.98564945
239.0,Willoughby St & Fleet St,40.69196566,-73.9813018
3259.0,9 Ave & W 28 St,40.749370241932773,-73.999233841896057
426.0,West St & Chambers St,40.71754834,-74.01322069
3529.0,Lenox Ave & W 130 St,40.8107922,-73.9430681
400.0,Pitt St & Stanton St,40.71926081,-73.98178024
3597.0,43 St & Broadway,40.7577284,-73.9166368
316.0,Fulton St & William St,40.70955958,-74.007
3122.0,48 Ave & 5 St,40.743,-73.956
507.0,E 25 St & 2 Ave,40.73912601,-73.98
309.0,Murray St & West St,40.7149787,-74.013012
453.0,W 22 St & 8 Ave,40.74475148,-73.99915362
3424.0,E 106 St & Lexington Ave,40.791976,-73.945993
3608.0,5 St & 51 Ave,40.7423737,-73.9566
392.0,Jay St & Tech Pl,40.695065,-73.987167
480.0,W 53 St & 10 Ave,40.76669671,-73.992
3515.0,24 Ave & 26 St,40.774591,-73.918544
3628.0,Lenox Ave & W 117 St,40.8025566,-73.9490782
72.0,W 52 St & 11 Ave,40.767,-73.995
369.0,Washington Pl & 6 Ave,40.73224119,-74.00026394
385.0,E 55 St & 2 Ave,40.75797322,-73.96603308
2004.0,6 Ave & Broome St,40.724399,-74.004704
244.0,Willoughby Ave & Hall St,40.69196035,-73.96536851
328.0,Watts St & Greenwich St,40.72405549,-74.00965965
325.0,E 19 St & 3 Ave,40.73624527,-73.98473765
3562.0,Classon Ave & St Marks Ave,40.6765198,-73.9596082
223.0,W 13 St & 7 Ave,40.73781509,-73.99994661
386.0,Centre St & Worth St,40.71494807,-74.00234482
3287.0,W 87 St & West End Ave,40.789622,-73.97757
3107.0,Bedford Ave & Nassau Ave,40.722,-73.953
3284.0,E 88 St & Park Ave,40.781410700190015,-73.95595908164978
3570.0,35 Ave & 37 St,40.7557327,-73.9236611
3715.0,Driggs Ave & N 9 St,40.718169694542077,-73.956
3635.0,W 36 St & 9 Ave,40.754623240291053,-73.99516761302948
499.0,Broadway & W 60 St,40.76915505,-73.983
450.0,W 49 St & 8 Ave,40.761,-73.989
539.0,Metropolitan Ave & Bedford Ave,40.71534825,-73.96024116
3343.0,W 107 St & Columbus Ave,40.7997568,-73.9621128676
168.0,W 18 St & 6 Ave,40.73971301,-73.99456405
487.0,E 20 St & FDR Drive,40.73314259,-73.977
3840.0,Putnam Ave & Wyckoff Ave,40.69811,-73.90904
3068.0,Humboldt St & Varet St,40.7031724,-73.940636
396.0,Lefferts Pl & Franklin Ave,40.68,-73.956
2008.0,Little West St & 1 Pl,40.70569254,-74.01677685
3226.0,W 82 St & Central Park West,40.78275,-73.97137
401.0,Allen St & Rivington St,40.719,-73.98997825
2010.0,Grand St & Greene St,40.72165481,-74.002381414175019
3314.0,W 95 St & Broadway,40.7937704,-73.971888
3362.0,Madison Ave & E 82 St,40.7781314,-73.96069399
3286.0,E 89 St & 3 Ave,40.7806284,-73.953
464.0,E 56 St & 3 Ave,40.75934501,-73.96759673
3556.0,24 St & 41 Ave,40.7527085,-73.9397405
351.0,Front St & Maiden Ln,40.70530954,-74.00612572
260.0,Broad St & Bridge St,40.70365182,-74.013
312.0,Allen St & E Houston St,40.722055,-73.989111
417.0,Barclay St & Church St,40.71291224,-74.01020234
368.0,Carmine St & 6 Ave,40.73038599,-74.00214988
442.0,W 27 St & 7 Ave,40.746647,-73.993915
446.0,W 24 St & 7 Ave,40.74487634,-73.99529885
517.0,E 41 St & Madison Ave,40.75149263,-73.979782
3416.0,7 Ave & Park Pl,40.677,-73.974
436.0,Hancock St & Bedford Ave,40.68216564,-73.95399026
3064.0,Myrtle Ave & Lewis Ave,40.69681963,-73.93756926
3152.0,3 Ave & E 71 St,40.76873687,-73.96119945
490.0,8 Ave & W 33 St,40.751551,-73.995
423.0,W 54 St & 9 Ave,40.76584941,-73.98690506
4043.0,W 78 St & Amsterdam Ave,40.782535857724106,-73.979085087776184
3162.0,W 78 St & Broadway,40.78339981,-73.98093133
3242.0,Schermerhorn St & Court St,40.691029256779679,-73.992
4193.0,W 181 St & Riverside Dr,40.85168,-73.94186
3517.0,31 St & Hoyt Ave N,40.7711528,-73.9170074
253.0,W 13 St & 5 Ave,40.73543934,-73.99453948
3521.0,Lenox Ave & W 111 St,40.7987859,-73.9523
3354.0,3 St & Prospect Park West,40.668,-73.974
440.0,E 45 St & 3 Ave,40.752,-73.974
509.0,9 Ave & W 22 St,40.7454973,-74.00197139
471.0,Grand St & Havemeyer St,40.71286844,-73.95698119
3307.0,West End Ave & W 94 St,40.794,-73.974124
3282.0,5 Ave & E 88 St,40.782,-73.95939
3841.0,Menahan St & Central Ave,40.69543,-73.9196
334.0,W 20 St & 7 Ave,40.74238787,-73.998
3366.0,West End Ave & W 107 St,40.8021174,-73.9681805305
479.0,9 Ave & W 45 St,40.76019252,-73.992
3497.0,Pleasant Ave & E 116 St,40.7949879,-73.9333349
3866.0,Wilson Ave & Moffat St,40.68906,-73.90506
466.0,W 25 St & 6 Ave,40.74395411,-73.99144871
3402.0,Court St & State St,40.689,-73.99203074
3093.0,N 6 St & Bedford Ave,40.716,-73.959
3130.0,21 St & Queens Plaza North,40.75325964,-73.94335788
3469.0,India St & West St,40.731,-73.95995020866394
3143.0,5 Ave & E 78 St,40.776,-73.965
3812.0,University Pl & E 14 St,40.734,-73.992085
3809.0,W 55 St & 6 Ave,40.763189,-73.978458
410.0,Suffolk St & Stanton St,40.72066442,-73.98517977
3265.0,E 2 St & 2 Ave,40.7245634290432,-73.9894437789917
3839.0,Putnam Ave & Knickerbocker Ave,40.69545,-73.91164
3294.0,E 91 St & Park Ave,40.7835016,-73.955327
503.0,E 20 St & Park Ave,40.737,-73.989
3429.0,Hanson Pl & Ashland Pl,40.685068073081773,-73.977907598018632
3621.0,27 Ave & 9 St,40.7739825,-73.9309134
3759.0,Irving Ave & Jefferson St,40.704,-73.926
3147.0,E 85 St & 3 Ave,40.77801203,-73.95407149
536.0,1 Ave & E 30 St,40.74,-73.97536082
3734.0,E 58 St &  1 Ave (NW Corner),40.758,-73.962658
3868.0,Knickerbocker Ave & Halsey St,40.693,-73.90824
3434.0,W 88 St & West End Ave,40.790254173304191,-73.977183401584611
3166.0,Riverside Dr & W 72 St,40.780577990103339,-73.986
3332.0,Degraw St & Hoyt St,40.681990442707033,-73.990790247917175
460.0,S 4 St & Wythe Ave,40.71285887,-73.96590294
4045.0,West End Ave & W 60 St,40.77237,-73.99005
3326.0,Clinton St & Centre St,40.67434,-74.00194698
217.0,Old Fulton St,40.70277159,-73.99383605
415.0,Pearl St & Hanover Square,40.7047177,-74.00926027
3708.0,W 13 St & 5 Ave,40.735445,-73.99431
307.0,Canal St & Rutgers St,40.71427487,-73.98990025
3412.0,Pacific St & Nevins St,40.6853761,-73.98302136
3241.0,Monroe St & Tompkins Ave,40.686203,-73.944694
3721.0,31 St & Newtown Ave,40.7675487799971,-73.9209334552288
3766.0,Sharon St & Olive St,40.715353,-73.93856
3310.0,14 St & 7 Ave,40.663779,-73.98396846
3785.0,W 42 St & 6 Ave,40.75492,-73.986
3773.0,Knickerbocker Ave & Thames St,40.70539,-73.92976
3249.0,Verona Pl & Fulton St,40.6803560840434,-73.9476791024208
3283.0,W 89 St & Columbus Ave,40.7882213,-73.97041561
3578.0,Park Pl & Franklin Ave,40.6741806,-73.9564947
3612.0,30 Ave & 21 St,40.7703743,-73.9286078
3440.0,Fulton St & Adams St,40.692418292578473,-73.989494740962982
461.0,E 20 St & 2 Ave,40.73587678,-73.983
389.0,Broadway & Berry St,40.71044554,-73.96525063
3737.0,Stanton St & Norfolk St,40.720747,-73.986274
3582.0,Lincoln Pl & Classon Ave,40.6721683,-73.9609
4044.0,8 Ave & W 38 St,40.75461,-73.99177
3553.0,Frederick Douglass Blvd & W 112 St,40.801694,-73.957145
3783.0,Cliff St & Fulton St,40.70838,-74.00495
366.0,Clinton Ave & Myrtle Ave,40.693261,-73.968896
252.0,MacDougal St & Washington Sq,40.73226398,-73.99852205
3081.0,Graham Ave & Grand St,40.711863,-73.944024
3726.0,Center Blvd & 51 Ave,40.743366080270206,-73.959606885910034
3360.0,Amsterdam Ave & W 79 St,40.782,-73.98
428.0,E 3 St & 1 Ave,40.72467721,-73.98783413
2022.0,E 59 St & Sutton Pl,40.758,-73.959223
3076.0,Scholes St & Manhattan Ave,40.70870368,-73.9448625
261.0,Johnson St & Gold St,40.69474881,-73.98362464
3744.0,1 Ave & E 5 St,40.725864,-73.986389
4040.0,Madison Ave & E 26 St,40.742684734875695,-73.986713290214539
3365.0,3 St & 7 Ave,40.6703837,-73.97839676
3598.0,Newton Rd & 44 St,40.7595701,-73.9142678
4001.0,Lenox Ave & W 146 St,40.821111,-73.935971
3718.0,E 11 St & Avenue B,40.727464206923919,-73.979504182934761
3770.0,Central Ave & Flushing Ave,40.702831,-73.9333
3235.0,E 41 St & Madison Ave,40.752165280621966,-73.979921936988816
376.0,John St & William St,40.70862144,-74.00722156
4037.0,Roosevelt Island Tramway,40.757284,-73.9536
4141.0,Southern Blvd & Tiffany St,40.818185,-73.894143
3781.0,Greene Av & Myrtle Av,40.698568,-73.918877
262.0,Washington Park,40.6917823,-73.9737299
4065.0,Wadsworth Ave & W 179 St,40.848467,-73.936064
356.0,Bialystoker Pl & Delancey St,40.71622644,-73.98261206
4058.0,Madison Av & E 51 St,40.75863,-73.97513
3345.0,Madison Ave & E 99 St,40.788,-73.953
254.0,W 11 St & 6 Ave,40.73532427,-73.99800419
3522.0,37 St & 24 Ave,40.7701477,-73.9120938
3132.0,E 59 St & Madison Ave,40.76350532,-73.97109243
3403.0,4 Ave & 9 St,40.6705135,-73.98876585
3664.0,North Moore St & Greenwich St,40.720195214374648,-74.0103006362915
3526.0,31 St & 23 Ave,40.7747878,-73.9125551
3544.0,Underhill Ave & Pacific St,40.6804836,-73.9646795
318.0,E 43 St & Vanderbilt Ave,40.75320159,-73.9779874
294.0,Washington Square E,40.73049393,-73.9957214
300.0,Shevchenko Pl & E 6 St,40.728145,-73.990214
384.0,Fulton St & Washington Ave,40.683048,-73.9659641
248.0,Laight St & Hudson St,40.72185379,-74.00771779
362.0,Broadway & W 37 St,40.75172632,-73.989
526.0,E 33 St & 5 Ave,40.74765947,-73.986
473.0,Rivington St & Chrystie St,40.72110063,-73.9919254
147.0,Greenwich St & Warren St,40.71542197,-74.01121978
508.0,W 46 St & 11 Ave,40.76341379,-73.998
470.0,W 20 St & 8 Ave,40.74345335,-74.00004031
228.0,E 48 St & 3 Ave,40.7546011,-73.97187886
416.0,Cumberland St & Lafayette Ave,40.68753406,-73.97265183
249.0,Harrison St & Hudson St,40.71870987,-74.01
275.0,Washington Ave & Greene Ave,40.68650065,-73.96563307
243.0,Fulton St & Rockwell Pl,40.687979,-73.979458
274.0,Lafayette Ave & Fort Greene Pl,40.686,-73.977
395.0,Bond St & Schermerhorn St,40.68807003,-73.98410637
372.0,Franklin Ave & Myrtle Ave,40.694528,-73.958089
3155.0,Lexington Ave & E 63 St,40.76440023,-73.96648977
3364.0,Carroll St & 5 Ave,40.6751622,-73.9814832
3118.0,McGuinness Blvd & Eagle St,40.73555,-73.953
3104.0,Kent Ave & N 7 St,40.72057658,-73.96150225
3243.0,E 58 St & 1 Ave,40.75892386377695,-73.962262272834778
3052.0,Lewis Ave & Madison St,40.686312,-73.935775
3339.0,Berkeley Pl & 6 Ave,40.6765304,-73.97846879
3103.0,N 11 St & Wythe Ave,40.72153267,-73.95782357
3111.0,Norman Ave & Leonard St,40.7258483,-73.95064893
3231.0,E 67 St & Park Ave,40.767,-73.965920805931091
3431.0,E 35 St & 3 Ave,40.746524,-73.977885
3182.0,Yankee Ferry Terminal,40.686931,-74.016966
3150.0,E 85 St & York Ave,40.77536905,-73.94803392
3153.0,E 71 St & 2 Ave,40.768175467422452,-73.959102630615234
3042.0,Fulton St & Utica Ave,40.6794268,-73.9298911
3312.0,1 Ave & E 94 St,40.7817212,-73.947
3178.0,Riverside Dr & W 78 St,40.78414472,-73.98362492
3290.0,E 89 St & York Ave,40.7779453,-73.947
3099.0,Leonard St & Manhattan Ave,40.721522403393031,-73.94898265600203
3361.0,Carroll St & 6 Ave,40.6740886,-73.9787282
3060.0,Willoughby Ave & Tompkins Ave,40.69425403,-73.94626915
3230.0,Penn Station Valet,40.751283596962296,-73.99692445993422
3133.0,E 67 St & Lexington Ave,40.767342591432168,-73.96493528
3378.0,E 76 St & Park Ave,40.773,-73.96222088
3050.0,Putnam Ave & Throop Ave,40.6851532,-73.94111
3047.0,Halsey St & Tompkins Ave,40.6823687,-73.944118
3391.0,E 106 St & 1 Ave,40.7892529,-73.93956237
3353.0,Reed St & Van Brunt St,40.6747844,-74.01612847
3105.0,N 15 St & Wythe Ave,40.724055,-73.955736
3303.0,Butler St & Court St,40.6849894,-73.99440329
3221.0,47 Ave & 31 St,40.743,-73.93561
3329.0,Degraw St & Smith St,40.6829151,-73.99318208
3438.0,E 76 St & 3 Ave,40.772248537721744,-73.958421349525452
3411.0,Bond St & Bergen St,40.6849668,-73.98620772
3390.0,E 109 St & 3 Ave,40.79329668,-73.9432083
3392.0,Commerce St & Van Brunt St,40.6812117,-74.00860912
3637.0,Fulton St & Waverly Ave,40.683238654603407,-73.965995907783508
3388.0,President St & Henry St,40.6828003,-73.99990419
3352.0,Sigourney St & Columbia St,40.672672434109479,-74.0087952464819
3398.0,Smith St & 9 St,40.6746957,-73.99785768
3420.0,Douglass St & 3 Ave,40.6802133,-73.98432695
3382.0,Carroll St & Smith St,40.68,-73.995
3591.0,21 St & 31 Dr,40.7659,-73.930819
3094.0,Graham Ave & Withers St,40.7169811,-73.94485918
3347.0,Van Brunt St & Wolcott St,40.6773429,-74.01275056
3396.0,Clinton St & 4 Place,40.6783563,-74.00014502
3575.0,Crescent St & 34 Ave,40.76108,-73.930562
3610.0,Vernon Blvd & 30 Rd,40.770845,-73.934171
3376.0,E 65 St & 2 Ave,40.764718519443392,-73.962220698595047
3463.0,E 16 St & Irving Pl,40.734,-73.989
3351.0,E 102 St & 1 Ave,40.7869946,-73.94164802
3452.0,Bayard St & Leonard St,40.719,-73.95
3464.0,W 37 St & Broadway,40.752270938374089,-73.987705707550049
3534.0,Frederick Douglass Blvd & W 117 St,40.805159,-73.954692
3333.0,Columbia St & Lorraine St,40.6747055,-74.0075572
3419.0,Douglass St & 4 Ave,40.6792788,-73.98154004
3531.0,Frederick Douglass Blvd & W 129 St,40.8125511,-73.9492286
3506.0,Lexington Ave & E 120 St,40.8,-73.941
3498.0,Pleasant Ave & E 120 St,40.7974772,-73.9311847
3453.0,Devoe St & Lorimer St,40.713,-73.95
3644.0,Van Dyke St & Van Brunt St,40.675816225228317,-74.01488184928894
3089.0,Leonard St & Meeker Ave,40.717318403855785,-73.948202133178711
3555.0,28 St & 41 Ave,40.751047,-73.93797
3322.0,12 St & 4 Ave,40.668,-73.9904394
3579.0,Sterling Pl & Bedford Ave,40.672695,-73.954131
3477.0,39 St & 2 Ave,40.655399774478312,-74.010627865791321
3545.0,Broadway & W 122 St,40.8120562,-73.9612547
3449.0,Eckford St & Engert Ave,40.721462562298157,-73.948009014129639
3476.0,Norman Ave & Leonard St,40.725769967272143,-73.9507395029068
3560.0,28 St & 38 Ave,40.754876,-73.934326
3499.0,2 Ave & E 122 St,40.8006721,-73.9349
3587.0,Carroll St & Washington Ave,40.6686744,-73.9618148
3793.0,Stuyvesant Walk & 1 Av Loop,40.732339777151054,-73.978983834385872
3585.0,Union St & Bedford Ave,40.6691783,-73.9554162
3492.0,E 118 St & Park Ave,40.8005385,-73.9419949
3699.0,W 50 St & 9 Ave,40.763604677958632,-73.989179581403732
3917.0,Willoughby St & Ashland Pl,40.69178,-73.97877
3668.0,Leonard St & Nassau Ave,40.7239567849954,-73.95
3671.0,E 81 St & 2 Ave,40.774779448957283,-73.954274654388428
3836.0,Bushwick Ave & Linden St,40.69146,-73.92146
3441.0,10 Hudson Yards,40.752957,-74.00264
3707.0,Lexington Ave & E 26 St,40.74,-73.983293
3749.0,Lexington Ave & E 36 St,40.7475739589548,-73.9788007736206
3768.0,Waterbury St & Stagg St,40.71019,-73.93734
3849.0,Suydam St & St. Nicholas Ave,40.70636,-73.91945
3863.0,Central Ave & Woodbine St,40.69296,-73.91605
4245.0,Bruckner Blvd & Bryant Ave,40.821952,-73.888546
4166.0,River Ave & E 153 St,40.82441,-73.92818
3899.0,Manhattan Av & Leonard St,40.72084,-73.94844
3819.0,Green St & McGuinness Blvd,40.73396,-73.95204
3758.0,George St & Wilson Ave,40.702997,-73.92997
3760.0,Willoughby Ave & Wyckoff Ave,40.705614,-73.92153
3690.0,Park Pl & Church St,40.713,-74.01
3714.0,Division Av & Hooper St,40.706842031013252,-73.9544353965357
3684.0,W 12 St & W 4 St,40.737561211811368,-74.003982692956924
3837.0,Broadway & Kosciuszko St,40.69329,-73.92852
3830.0,Halsey St & Evergreen Ave,40.68858,-73.91227
3901.0,Stanhope St & Fairview Ave,40.70998,-73.91116
4147.0,E 163 St & Tiffany St,40.821075,-73.895069
4010.0,W 145 St & Amsterdam Ave,40.825244,-73.947257
3659.0,W 17 St & 9 Ave,40.742948916600909,-74.004136919975281
3861.0,Menahan St & Wyckoff Ave,40.70113,-73.91422
3774.0,Knickerbocker Ave & George St,40.704425,-73.92836
3814.0,E 56 St & Madison Ave,40.761573,-73.972628
4248.0,Old Slip & South St,40.70336686695866,-74.007867872715
3999.0,Adam Clayton Powell Blvd & W 138 St,40.816959710324639,-73.9422959089279
3838.0,Bushwick Ave & Harman St,40.69356,-73.92524
3731.0,W 47 St & 6 Ave,40.758397,-73.98255
3618.0,27 St & Hunter St,40.7485,-73.941275
3653.0,31 St & 35 Ave,40.758204646967577,-73.928321599960327
3877.0,Madison St & Forest Ave,40.70555,-73.90245
4112.0,Wards Meadow Comfort Station,40.78294,-73.93077
3842.0,Bushwick Ave & Dekalb Ave,40.69502,-73.92825
3852.0,Stewart Ave & Johnson Ave,40.70869,-73.92587
3937.0,E 135 St & St Ann's Ave,40.805089,-73.918889
3980.0,Amsterdam Ave & W 152 St,40.829523,-73.944279
4134.0,Longwood Ave & Southern Blvd,40.816343,-73.896447
3876.0,Forest Ave & Summerfield St,40.698,-73.899
4282.0,Washington St & Barrow St,40.731911323231742,-74.008769094944
3910.0,Greene Ave & Grandview Ave,40.709697,-73.907856
4071.0,Broadway & W 160 St,40.835775,-73.9434
4247.0,Riverside Dr & W 153 St,40.832164,-73.949702
3832.0,Central Ave & Weirfield St,40.69055,-73.91181
3762.0,3 Ave & Carroll St,40.677027,-73.9865
4063.0,Wadsworth Ave & W 175 St,40.846052,-73.937648
3705.0,Thompson St & Bleecker St,40.728400594508287,-73.999687805771828
4081.0,Gerard Ave & E 165 St,40.83173,-73.922394
3543.0,Morningside Dr & Amsterdam Ave,40.810285063060029,-73.957364559173584
3757.0,Stagg St & Morgan Ave,40.710681,-73.93372
4055.0,W 165 St & Fort Washington Ave,40.84004,-73.942939
4123.0,Central Park W & W 103 St,40.796036841599843,-73.961589038535749
4161.0,3 Ave & E 174 St,40.84224,-73.8985
3967.0,W 146 St & Broadway,40.826969,-73.949738
3931.0,Morris Ave & E 142 St,40.814469,-73.924963
3824.0,Van Sinderen Ave & Truxton St,40.6786,-73.90369
3716.0,40 Ave & Crescent St,40.7535992020056,-73.937956094741821
4087.0,W 170 St & University Ave,40.84207,-73.926075
3786.0,Division St & Bowery,40.714193,-73.996732
4093.0,Grand Concourse & E 161 St,40.827115,-73.92272
3874.0,Menahan St & Seneca Ave,40.70461,-73.91054
3761.0,Cedar St & Myrtle Ave,40.697842,-73.926241
3771.0,McKibbin St & Bogart St,40.706237,-73.935
4215.0,Hudson St & W 13 St,40.740057085672852,-74.0052741765976
4117.0,Sullivan Pl & Franklin Ave,40.66407983678161,-73.960251286666789
3923.0,Lincoln Ave & E 134 St,40.808484,-73.928803
3844.0,Myrtle Ave & Linden St,40.69943,-73.91337
3948.0,E 138 St & Cypress Ave,40.805559,-73.914718
3767.0,Powers St & Olive St,40.71323,-73.93894
3299.0,E 98 St & Park Ave,40.78813,-73.95206
3647.0,48 Ave & 30 Pl,40.741283093559929,-73.937258720397935
3926.0,5 Ave & W 131 St,40.81014,-73.93973
3957.0,E 144 St & Brook Ave,40.811675,-73.917037
4185.0,Southern Blvd & E 175 St,40.839335,-73.886445
3661.0,Montgomery St & Franklin Ave,40.666439306870814,-73.9605563879013
3907.0,Central Ave & Melrose St,40.70112,-73.93039
4114.0,Sunken Meadow Comfort Station,40.79558,-73.91906
3932.0,Grand Concourse & E 144 St,40.816576,-73.927987
3934.0,St Nicholas Ave & E 134 St,40.816234,-73.948222
4070.0,W 180 St & Ft Washington Ave,40.849972,-73.938423
3995.0,5 Ave & E 135 St,40.812,-73.938
4054.0,W 163 St & Riverside Dr,40.839278,-73.945446
4096.0,Grand Concourse & E 167 St,40.834263,-73.917641
4159.0,3 Ave & E 172 St,40.839586,-73.900277
3854.0,Morgan Ave & Maspeth Ave,40.716,-73.93637
4014.0,Riverside Dr & W 148 St,40.829114,-73.950426
3939.0,Willow Ave & E 133 St,40.800933,-73.913863
4102.0,Grand Concourse & E 164 St,40.829608,-73.921461
4229.0,Sheridan Ave & E 172 St,40.840494,-73.911479
4062.0,Amsterdam Ave & W 175 St,40.844044,-73.933651
3922.0,Alexander Ave & E 134 St,40.807466,-73.927107
3936.0,W 133 St & 12 Ave,40.820003,-73.959089
4235.0,W 50 St & 10 Ave,40.764734200065192,-73.991943597793579
3968.0,Propsect Ave & E 151 St,40.814232,-73.903927
3888.0,Woodward Ave & Harman St,40.70793,-73.91092
3512.0,27 Ave & 4 St,40.7747175,-73.9337894
4311.0,8 St & Astoria Blvd,40.7725996921817,-73.932662755250931
3920.0,E 132 St & Madison Ave,40.810224,-73.937195
4074.0,Edgecombe Ave & W 167 St,40.838191,-73.936085
4072.0,W 48 St & Rockefeller Plaza,40.757936462436739,-73.979602754116058
3984.0,W 140 St & Riverside Dr,40.824013,-73.954743
3858.0,Kent St & McGuinness Blvd,40.73124,-73.95161
4012.0,W 148 St & Amsterdam Ave,40.827075,-73.945909
4219.0,W 35 St & 9 Ave,40.754145192635193,-73.9960889518261
4094.0,Park Ave & E 162 St,40.825716,-73.915585
3666.0,32 St & 30 Ave,40.7664255270288,-73.920629024505615
3986.0,E 149 St & Morris Ave,40.81734,-73.922962
3747.0,E 84 St & 3 Ave,40.777553742988871,-73.955127596855164
3596.0,Sullivan Pl & Bedford Ave,40.6642406,-73.9574686
4130.0,Morris Ave & McClellan St,40.831584,-73.9149
4085.0,Grand Concourse & E 171 St,40.839549,-73.913004
3966.0,Wales Ave & E 147 St,40.811314,-73.907729
4140.0,E 163 St & Union Ave,40.822545,-73.901824
3978.0,Cauldwell Ave & E 161 St,40.82188,-73.907521
4252.0,Home St & Westchester Ave,40.827629,-73.886659
4199.0,River Ave & McClellan St,40.83406,-73.92243
4173.0,Longfellow Ave & E 165 St,40.825322,-73.887729
4190.0,Walton Ave & E 171 St,40.840683,-73.915073
4019.0,St. Ann's Av & Bruckner Blvd,40.803399,-73.919763
3981.0,Harlem River Dr & W 155 St,40.830476,-73.939929
3683.0,Smart Cities Conference,40.710154710949119,-73.984535336494432
4200.0,E 174 St & Walton Ave,40.844811,-73.912042
4105.0,Concourse Village West & E 156 St,40.823162,-73.923267
4133.0,Beck St & Leggett Ave,40.815077,-73.899939
4021.0,E 138 St & Grand Concourse,40.813224,-73.930605
4082.0,Gerard Ave & McClellan St,40.833909,-73.92112
3941.0,Walnut Ave & E 136 St,40.801657,-73.909513
4006.0,E 147 St & Bergen Ave,40.814673,-73.91839
4018.0,Broadway & W 131 St,40.817555,-73.957163
4030.0,Courtlandt Ave & E 157 St,40.822267,-73.916792
4170.0,Webster Ave & E 166 St,40.828975,-73.911259
4025.0,Edgecombe Ave & W 150 St,40.826881,-73.941427
,,40.839,-73.923
4066.0,Audobon Ave & W 179 St,40.847305,-73.933291
3692.0,5 St & Market St,40.6999974843885,-73.974401280283928
4051.0,W 160 St & St. Nicholas Ave,40.834468,-73.939865
4164.0,E 174 St & Longfellow Ave,40.836274,-73.884308
4107.0,E 170 St & Clay Ave,40.837213,-73.908345
4210.0,Grand Concourse & E 166 St,40.83196,-73.91956
3700.0,E 87 St & 3 Ave,40.779406085297872,-73.953335881233215
4053.0,W 163 St & Edgecombe Ave,40.835798,-73.937496
3950.0,Brook Ave & E 141 St,40.809619,-73.917875
4198.0,E 161 St & Park Ave,40.824811,-73.916407
4005.0,St. Nicholas Terrace & Convent Ave,40.821294,-73.947868
3685.0,Prospect Park - 5 Year Anniversary Celebration,40.66065236872916,-73.9645904302597
3450.0,Penn Station Valet - Valet Scan,40.7512836,-73.9969245
3432.0,Bike in Movie Night | Prospect Park Bandshell,40.662987,-73.994636535644531
3219.0,NYCBS Depot - STY,40.729193,-73.976655
4332.0,Morris Ave & E 163 St,40.827230499624726,-73.917655795976316
4149.0,E 167 St & Franklin Ave,40.82895,-73.90521
4257.0,43 St & 37 Ave,40.750181,-73.919998
4262.0,38 St & Northern Blvd,40.752372,-73.925384
4174.0,3 Ave & E 170 St,40.834857,-73.903743
4156.0,Fulton Ave & St. Paul's Pl,40.83545,-73.90153
4129.0,Anderson Ave & W 164 St,40.832057,-73.927421
4155.0,E 169 St & Fox St,40.827184,-73.893721
4268.0,50 St & Northern Blvd,40.753441,-73.912402
4254.0,34 St & 38 Ave,40.752443,-73.929737
4146.0,Garrison Ave & Manida St,40.818743,-73.890247
4209.0,University Ave & W 168 St,40.838706,-73.927034
3266.0,Kiosk in a box Deployment,40.70861098096821,-73.92850399017334
3480.0,WS Don't Use,0.0,0.0
4284.0,43 St & 35 Ave,40.754139,-73.919543
4315.0,46 St & 30 Rd,40.76072,-73.910989
4285.0,46 St & 25 Ave,40.765753,-73.90676
4330.0,31 Rd & 21 St,40.766824,-73.930486
4273.0,Ditmars Blvd & 48 St,40.769219,-73.901001
4265.0,49 St & 31 Ave,40.758057,-73.909831
3215.0,JSQ Don't Use,0.0,0.0
3470.0,Expansion Tech Station,40.669801930896163,-73.994904756546021
4327.0,21 St & 21 Ave,40.782465,-73.914527
3248.0,LPI Facility,0.0,0.0
335.0,Washington Pl & Broadway,40.728,-73.995
315.0,South St & Gouverneur Ln,40.70355377,-74.00670227
432.0,E 7 St & Avenue A,40.725,-73.98379855
403.0,E 2 St & 2 Ave,40.72502876,-73.99069656
280.0,E 10 St & 5 Ave,40.73331967,-73.99510132
308.0,St James Pl & Oliver St,40.713,-73.99851193
518.0,E 39 St & 2 Ave,40.74780373,-73.974
3059.0,Pulaski St & Marcus Garvey Blvd,40.6933982,-73.939877
444.0,Broadway & W 24 St,40.7423543,-73.98915076
476.0,E 31 St & 3 Ave,40.743,-73.98
3505.0,Lexington Ave & E 127 St,40.805726,-73.936322
3167.0,Amsterdam Ave & W 73 St,40.779,-73.980930447578416
402.0,Broadway & E 22 St,40.7403432,-73.98955109
528.0,2 Ave & E 31 St,40.74290902,-73.97706058
3110.0,Meserole Ave & Manhattan Ave,40.72708584,-73.953
445.0,E 10 St & Avenue A,40.72740794,-73.98142006
3409.0,Bergen St & Smith St,40.6867443,-73.99063168
455.0,1 Ave & E 44 St,40.75001986,-73.96905301
143.0,Clinton St & Joralemon St,40.692,-73.99337909
529.0,W 42 St & 8 Ave,40.7575699,-73.99098507
375.0,Mercer St & Bleecker St,40.72679454,-73.99695094
360.0,William St & Pine St,40.70717936,-74.00887308
441.0,E 52 St & 2 Ave,40.756014,-73.967416
3528.0,Steinway St & 23 Ave,40.7713937,-73.9077436
3725.0,2 Ave & E 72 St,40.7687620293096,-73.958407938480377
3325.0,E 95 St & 3 Ave,40.7849032,-73.950503
463.0,9 Ave & W 16 St,40.74206539,-74.00443172
344.0,Monroe St & Bedford Ave,40.6851443,-73.95380904
278.0,Concord St & Bridge St,40.69766564,-73.986
527.0,E 33 St & 1 Ave,40.74315566,-73.976056
241.0,DeKalb Ave & S Portland Ave,40.68981035,-73.97493121
457.0,Broadway & W 58 St,40.76695317,-73.98169333
399.0,Lafayette Ave & St James Pl,40.68851534,-73.9647628
3101.0,N 12 St & Bedford Ave,40.72079821,-73.956
3616.0,Steinway St & 28 Ave,40.7656251,-73.9136695
296.0,Division St & Bowery,40.71413089,-73.9970468
387.0,Centre St & Chambers St,40.71273266,-74.0046073
268.0,Howard St & Centre St,40.719,-74.001
3288.0,E 88 St & 1 Ave,40.778301,-73.95
482.0,W 15 St & 7 Ave,40.73935542,-73.99931783
540.0,Lexington Ave & E 26 St,40.74147286,-73.98320928
3467.0,W Broadway & Spring St,40.724946723594158,-74.00165855884552
3058.0,Lewis Ave & Kosciuszko St,40.69237074,-73.93705428
3358.0,Garfield Pl & 8 Ave,40.6711978,-73.97484126
363.0,West Thames St,40.70834698,-74.01713445
437.0,Macon St & Nostrand Ave,40.6809833854,-73.95004798
265.0,Stanton St & Chrystie St,40.72229346,-73.99147535
3435.0,Grand St & Elizabeth St,40.718822,-73.99596
500.0,Broadway & W 51 St,40.761,-73.98336183
305.0,E 58 St & 3 Ave,40.76095756,-73.968
3327.0,3 Ave & E 100 St,40.7877214,-73.94728331
195.0,Liberty St & Broadway,40.70905623,-74.01043382
146.0,Hudson St & Reade St,40.716,-74.01
3905.0,4 Ave & E 12 St,40.732647,-73.99011
3372.0,E 74 St & 1 Ave,40.7689738,-73.95482273
3112.0,Milton St & Franklin St,40.728,-73.959
341.0,Stanton St & Mangin St,40.71782143,-73.97628939
3404.0,7 St & 5 Ave,40.6704922,-73.98541675
3539.0,W 116 St & Amsterdam Ave,40.806,-73.962
3113.0,Greenpoint Ave & Manhattan Ave,40.73026,-73.95394
83.0,Atlantic Ave & Fort Greene Pl,40.68382604,-73.97632328
264.0,Maiden Ln & Pearl St,40.70706456,-74.00731853
406.0,Hicks St & Montague St,40.69512845,-73.99595065
259.0,South St & Whitehall St,40.701,-74.013
238.0,Bank St & Washington St,40.7361967,-74.01
514.0,12 Ave & W 40 St,40.76087502,-74.004
3458.0,W 55 St & 6 Ave,40.763093872707969,-73.9783501625061
350.0,Clinton St & Grand St,40.71559509,-73.9870295
354.0,Emerson Pl & Myrtle Ave,40.69363137,-73.96223558
319.0,Fulton St & Broadway,40.71,-74.01
359.0,E 47 St & Park Ave,40.755,-73.97498696
3629.0,Adam Clayton Powell Blvd & W 126 St,40.809495347779482,-73.947764933109283
462.0,W 22 St & 10 Ave,40.74691959,-74.00451887
151.0,Cleveland Pl & Spring St,40.7218158,-73.998
3775.0,Suydam St & Knickerbocker Ave,40.702013,-73.923769
310.0,State St & Smith St,40.689,-73.98912867
336.0,Sullivan St & Washington Sq,40.73047747,-73.99906065
3063.0,Nostrand Ave & Myrtle Ave,40.69527008,-73.95238108
327.0,Vesey Pl & River Terrace,40.7153379,-74.01658354
3916.0,Pearl St & Peck Slip,40.708485,-74.002751
3862.0,Linden St & Knickerbocker Ave,40.69714,-73.91566
3740.0,W Broadway & W Houston St,40.726378,-74.000472
380.0,W 4 St & 7 Ave S,40.734,-74.004
498.0,Broadway & W 32 St,40.74854862,-73.98808416
3349.0,Grand Army Plaza & Plaza St West,40.6729679,-73.97087984
3375.0,3 Ave & E 72 St,40.7699426,-73.96060712
3394.0,Columbia St & W 9 St,40.6769993,-74.00647134
361.0,Allen St & Hester St,40.716,-73.992
3787.0,Dock 72 Way & Market St,40.69985,-73.97141
483.0,E 12 St & 3 Ave,40.73223272,-73.98889957
525.0,W 34 St & 11 Ave,40.755,-74.0021163
505.0,6 Ave & W 33 St,40.749,-73.989
284.0,Greenwich Ave & 8 Ave,40.73901691,-74.004
3494.0,E 115 St & Lexington Ave,40.797911,-73.9423
3363.0,E 102 St & Park Ave,40.7904828,-73.95033068
3306.0,10 St & 7 Ave,40.6662078,-73.98199886
3712.0,W 35 St & Dyer Ave,40.754691750226016,-73.997401893138885
422.0,W 59 St & 10 Ave,40.77,-73.989
3437.0,Riverside Dr & W 91 St,40.793134809866629,-73.977003693580627
484.0,W 44 St & 5 Ave,40.75500254,-73.98014437
2003.0,1 Ave & E 18 St,40.73381219,-73.98054421
3540.0,Morningside Ave & W 123 St,40.81,-73.9551508
3602.0,31 Ave & 34 St,40.763154,-73.920827
304.0,Broadway & Battery Pl,40.70463334,-74.01361706
412.0,Forsyth St & Canal St,40.7158155,-73.995
119.0,Park Ave & St Edwards St,40.69608941,-73.97803415
4057.0,Amsterdam Ave & W 167 St,40.839443,-73.937044
3061.0,Throop Ave & Myrtle Ave,40.69622937,-73.94371094
379.0,W 31 St & 7 Ave,40.749,-73.992
2002.0,Wythe Ave & Metropolitan Ave,40.716,-73.963198
212.0,W 16 St & The High Line,40.74334935,-74.00681753
524.0,W 43 St & 6 Ave,40.75527307,-73.98316936
245.0,Myrtle Ave & St Edwards St,40.692,-73.97703874
3124.0,46 Ave & 5 St,40.74731,-73.95451
3224.0,W 13 St & Hudson St,40.73997354103409,-74.005138725042343
405.0,Washington St & Gansevoort St,40.739323,-74.008119
3263.0,Cooper Square & Astor Pl,40.729236499100061,-73.992
3292.0,5 Ave & E 93 St,40.7857851,-73.957481
377.0,6 Ave & Canal St,40.72243797,-74.00566443
347.0,Greenwich St & W Houston St,40.728,-74.01
3055.0,Greene Ave & Nostrand Ave,40.6883337,-73.950916
3864.0,Central Ave & Covert St,40.68929,-73.90951
3533.0,St. Nicholas Ave & W 126 St,40.8114323,-73.9518776
3656.0,E 2 St & Avenue A,40.722,-73.986
3041.0,Kingston Ave & Herkimer St,40.67890679,-73.94142771
3418.0,Plaza St West & Flatbush Ave,40.6750207,-73.97111473
3882.0,Norman St & Wyckoff Ave,40.69517,-73.90311
469.0,Broadway & W 53 St,40.76344058,-73.98268129
3689.0,W 104 St & Amsterdam Ave,40.799041392882977,-73.966494798660278
3300.0,Prospect Park West & 8 St,40.665,-73.977
3379.0,E 103 St & Lexington Ave,40.7903051,-73.94755757
3803.0,Bedford Ave & Montgomery St,40.665816,-73.956934
3159.0,W 67 St & Broadway,40.77492513,-73.983
3078.0,Broadway & Roebling St,40.709248262761569,-73.962
3320.0,Central Park West & W 100 St,40.793393,-73.9635556
3617.0,28 Ave & 35 St,40.7671,-73.9169858
3507.0,Park Ave & E 124 St,40.8045555,-73.9396861
3549.0,Grand Ave & Bergen St,40.678045,-73.962408
3459.0,E 53 St & 3 Ave,40.757632277394428,-73.969305753707886
3997.0,5 Av & W 139 St,40.815484,-73.935856
394.0,E 9 St & Avenue C,40.72521311,-73.97768752
3828.0,Eldert St & Bushwick Ave,40.686,-73.914
3127.0,9 St & 44 Rd,40.74966,-73.9521
3607.0,31 Ave & 14 St,40.7682,-73.9322662
533.0,Broadway & W 38 St,40.75299641,-73.98721619
3502.0,Lexington Ave & E 111 St,40.7954121,-73.9441232
456.0,E 53 St & Madison Ave,40.7597108,-73.97402311
343.0,Clinton Ave & Flushing Ave,40.69794,-73.971
3625.0,28 St & 40 Ave,40.7525758,-73.9364281
3413.0,Wyckoff St & 3 Ave,40.6827549,-73.98258555
501.0,FDR Drive & E 35 St,40.744219,-73.97121214
3151.0,E 81 St & York Ave,40.7728384,-73.95
3619.0,Newtown Ave & 23 St,40.7713615,-73.9246145
164.0,E 47 St & 2 Ave,40.75323098,-73.97032517
3125.0,45 Rd & 11 St,40.746,-73.95
3344.0,Pioneer St & Van Brunt St,40.679043,-74.011169
3457.0,E 58 St & Madison Ave,40.763025942805193,-73.972095251083374
3331.0,Riverside Dr & W 104 St,40.8013434,-73.9711457439
320.0,Church St & Leonard St,40.71743998,-74.007
3472.0,W 15 St & 10 Ave,40.742753828659033,-74.007473587989807
3083.0,Bushwick Ave & Powers St,40.71247661,-73.94100005
3466.0,W 45 St & 6 Ave,40.756687206031792,-73.982577323913574
342.0,Columbia St & Rivington St,40.71739973,-73.98016555
3016.0,Kent Ave & N 7 St,40.720367752984551,-73.9643383026123
3323.0,W 106 St & Central Park West,40.7981856,-73.9605909006
322.0,Clinton St & Tillary St,40.696192,-73.991218
3674.0,Jay St & York St,40.701403172577251,-73.986726701259613
3944.0,Convent Ave & W 135 St,40.818215,-73.950988
3615.0,44 Dr & 21 St,40.748,-73.9460927
391.0,Clark St & Henry St,40.69760127,-73.99344559
279.0,Peck Slip & Front St,40.69986937,-74.00167
3789.0,Fulton St & Irving Pl,40.68186,-73.959432
397.0,Fulton St & Clermont Ave,40.68415748,-73.96922273
393.0,E 5 St & Avenue C,40.72299208,-73.97995466
3584.0,Eastern Pkwy & Franklin Ave,40.6707767,-73.959
3491.0,E 118 St & 1 Ave,40.79747,-73.93504
3884.0,Centre St & Seneca Ave,40.69969,-73.9022
3163.0,Central Park West & W 68 St,40.7734066,-73.97782542
3430.0,Richardson St & N Henry St,40.719078911795641,-73.94223690032959
3998.0,W 135 St & Lenox Terrace Pl,40.813619,-73.939336
3856.0,Kingsland Ave & Nassau Ave,40.72577,-73.94173
3893.0,Rockaway Ave & Bainbridge St,40.68319988172761,-73.911666423082352
3493.0,E 118 St & 3 Ave,40.799139,-73.9389152
3328.0,W 100 St & Manhattan Ave,40.794,-73.965
237.0,E 11 St & 2 Ave,40.73047309,-73.98672378
532.0,S 5 Pl & S 4 St,40.710451,-73.960876
321.0,Cadman Plaza E & Red Cross Pl,40.69991755,-73.98971773
3135.0,E 75 St & 3 Ave,40.77112927,-73.95772297
3414.0,Bergen St & Flatbush Ave,40.680944723477296,-73.975673317909227
3586.0,34 Ave & 13 St,40.7638753,-73.9364848
3779.0,Hart St & Wyckoff Ave,40.704876,-73.919911
481.0,S 3 St & Bedford Ave,40.71260486,-73.96264403
233.0,Cadman Plaza W & Pierrepont St,40.69246277,-73.990527391433716
420.0,Clermont Ave & Lafayette Ave,40.68764484,-73.96968902
388.0,W 26 St & 10 Ave,40.749,-74.004
348.0,W Broadway & Spring St,40.72490985,-74.00154702
398.0,Atlantic Ave & Furman St,40.69165183,-73.9999786
152.0,Warren St & Church St,40.71473993,-74.00910627
144.0,Nassau St & Navy St,40.69839895,-73.98068914
538.0,E 48 St & Madison Ave,40.75666,-73.97787642
511.0,E 14 St & Avenue B,40.72938685,-73.97772429
346.0,Bank St & Hudson St,40.73652889,-74.007
449.0,W 52 St & 9 Ave,40.76461837,-73.98789473
430.0,York St & Jay St,40.7014851,-73.98656928
271.0,Ashland Pl & Hanson Pl,40.685226719472553,-73.97805813
298.0,3 Ave & Schermerhorn St,40.68683208,-73.9796772
409.0,DeKalb Ave & Skillman St,40.6906495,-73.95643107
353.0,S Portland Ave & Hanson Pl,40.68539567,-73.97431458
365.0,Fulton St & Grand Ave,40.68223166,-73.9614583
160.0,E 37 St & Lexington Ave,40.44535,-73.978462
2001.0,7 Ave & Farragut St,40.69892054,-73.979927
3146.0,E 81 St & 3 Ave,40.77573034,-73.9567526
3088.0,Union Ave & Jackson St,40.7160751,-73.952029
3237.0,21 St & 41 Ave,40.753833434376219,-73.942676782608018
3090.0,N 8 St & Driggs Ave,40.71774592,-73.95600096
3096.0,Union Ave & N 12 St,40.71924,-73.95242
3120.0,Center Blvd & Borden Ave,40.74161,-73.96044
3044.0,Albany Ave & Fulton St,40.6800105,-73.938475
3565.0,36 Ave & 10 St,40.7614376,-73.9411265
3116.0,Huron St & Franklin St,40.73266,-73.95826
3138.0,E 77 St & Park Ave,40.774405455003,-73.961752653121934
3139.0,E 72 St & Park Ave,40.77,-73.965
3069.0,Lorimer St & Broadway,40.70411791,-73.94818595
3084.0,Devoe St & Leonard St,40.71348658,-73.94792458
3095.0,Graham Ave & Herbert St,40.71929301,-73.94500379
3157.0,East End Ave & E 86 St,40.77518615,-73.94446054
3053.0,Marcy Ave & Lafayette Ave,40.6900815,-73.947915
3258.0,W 27 St & 10 Ave,40.750181563256831,-74.002184271812439
3311.0,Columbia St & Kane St,40.68763155,-74.0016256
3117.0,Franklin St & Dupont St,40.73564,-73.959
3114.0,India St & East River,40.73165141,-73.96161892
3381.0,3 St & Hoyt St,40.6777287,-73.99364123
3355.0,E 66 St & Madison Ave,40.768008893059474,-73.96845281124115
3643.0,E 41 St & 5 Ave,40.752722013811884,-73.981236219406128
3077.0,Stagg St & Union Ave,40.70877084,-73.95095259
3341.0,Central Park West & W 102 St,40.795346,-73.96186
3580.0,St Johns Pl & Washington Ave,40.6737236,-73.9631611
3609.0,Vernon Blvd & 31 Ave,40.7692475,-73.9354504
3080.0,S 4 St & Rodney St,40.70934,-73.95608
3581.0,Underhill Ave & Lincoln Pl,40.6740123,-73.9671457
3291.0,Riverside Dr & W 91 St,40.7933718,-73.97685115
3097.0,N Henry St & Richardson St,40.71921585,-73.9424469
3254.0,Soissons Landing,40.69231660719192,-74.014865756034851
3319.0,14 St & 5 Ave,40.665,-73.989
3496.0,1 Ave & E 110 St,40.7923272,-73.9383
3048.0,Putnam Ave & Nostrand Ave,40.68402,-73.94977
3373.0,3 St & 3 Ave,40.6750705,-73.98775226
3648.0,Flushing Ave & Vanderbilt Ave,40.697950315695437,-73.970775604248047
3425.0,2 Ave  & E 104 St,40.7892105,-73.94370784
3387.0,E 106 St & Madison Ave,40.7934337,-73.94945003
3313.0,6 Ave & 12 St,40.6663181,-73.9854617
3316.0,W 104 St & Amsterdam Ave,40.7989937,-73.9662173778
3407.0,Union St & Nevins St,40.679097997216843,-73.987654745578766
3348.0,Coffey St & Conover St,40.677236,-74.015665
3532.0,Ditmars Blvd & 19 St,40.78145,-73.9183302
3098.0,Leonard St & Bayard St,40.71928,-73.94861
3455.0,Schermerhorn St & 3 Ave,40.686808205034318,-73.980361819267273
3338.0,2 Ave & E 99 St,40.7862586,-73.94552579
3454.0,Leonard St & Maujer St,40.7103685423523,-73.947059512138367
3542.0,Amsterdam Ave & W 119 St,40.8086249,-73.9596214
3395.0,Henry St & W 9 St,40.6763744,-74.00324957
3456.0,Jackson St & Leonard St,40.716,-73.948212862014771
3309.0,E 97 St & 3 Ave,40.7859201,-73.94860294
3509.0,Lenox Ave & W 115 St,40.8,-73.9500739
3520.0,Adam Clayton Powell Blvd & W 118 St,40.804372,-73.951475
3603.0,31 Ave & 30 St,40.7647,-73.9240312
3632.0,E 12 St & Avenue B,40.728048571362606,-73.978811502456665
3613.0,Center Blvd & 48 Ave,40.745038,-73.959
3523.0,24 Ave & 29 St,40.7729,-73.916142
3486.0,Schermerhorn St & Bond St,40.688417427540834,-73.986
3589.0,Broadway & 12 St,40.7668,-73.9347774
3490.0,E 116 St & 2 Ave,40.796879,-73.938
3614.0,Crescent St & 30 Ave,40.768692,-73.9249574
3563.0,28 St & 36 Ave,40.757186,-73.932719
3557.0,40 Ave & 9 St,40.75742,-73.945133
3340.0,Wolcott St & Dwight St,40.6753274,-74.0100698
3605.0,31 Ave & Crescent St,40.7658346,-73.9265474
3622.0,E 128 St & Madison Ave,40.80756,-73.939182
3558.0,Bergen St & Vanderbilt Ave,40.6794388,-73.9680438
3546.0,Pacific St & Classon Ave,40.6791944,-73.9587903
3571.0,Bedford Ave & Bergen St,40.676368,-73.952918
3723.0,Cadman Plaza E & Johnson St,40.695,-73.990157246589661
3790.0,Henry St & Middagh St,40.7003,-73.991581
4124.0,Central Park W & W 91 St,40.788664991278843,-73.966800570487976
3701.0,Cliff St & Fulton St,40.708317943663957,-74.005040824413285
4214.0,Spring St & Hudson St,40.725839967923747,-74.0076532959938
3687.0,E 33 St & 1 Ave,40.743,-73.974497839808464
3900.0,Morgan Ave & Lombardy St,40.72226,-73.93889
4036.0,Motorgate,40.7639089,-73.9477213
3935.0,Amsterdam Ave & W 131 St,40.816355,-73.954295
3924.0,Lincoln Ave & E 138 St,40.810893,-73.927311
3772.0,Devoe St & Morgan Ave,40.713811,-73.93515
3798.0,W 40 St & 5 Ave,40.752,-73.983
3736.0,E 12 St & Ave C,40.727243,-73.976831
3821.0,Evergreen Ave & Noll St,40.701,-73.93318
3885.0,Onderdonk Ave & Gates Ave,40.70413,-73.90737
3778.0,Irving Ave & DeKalb Ave,40.7027,-73.92095
3782.0,Brooklyn Bridge Park - Pier 2,40.698458,-73.997178
3816.0,Metropolitan Ave & Vandervoort Ave,40.71429,-73.93323
3822.0,Bushwick Ave & Forrest St,40.70076,-73.93641
3892.0,38 Ave & 29 St,40.75473,-73.93367
3902.0,Fairview Ave & Linden St,40.70694,-73.90632
3777.0,Stockholm St & Wilson Ave,40.699304,-73.923044
3663.0,Sterling Pl & 7 Ave,40.677164894690591,-73.973827958107
3727.0,Frost St & Meeker Ave,40.717661970839941,-73.948800265789032
3896.0,Madison St & Seneca Ave,40.70183,-73.90625
3891.0,Irving Ave & Palmetto St,40.698,-73.9127
3881.0,12 Ave & W 125 St,40.818299,-73.960405
3846.0,Central Ave & Himrod St,40.69676,-73.92302
3823.0,Beaver St & Fayette St,40.70099,-73.93921
3895.0,Cypress Ave & Palmetto St,40.701573408737922,-73.90876293182373
3869.0,Van Buren St & Broadway,40.692,-73.92617
4020.0,Bradhurst Ave & W 148 St,40.825125,-73.941616
3675.0,3 Ave & E 95 St,40.784596798848924,-73.949685394763947
3903.0,Jefferson Ave & Evergreen Ave,40.68989,-73.91458
3898.0,E 63 St & 3 Ave,40.763954,-73.9646
4035.0,Broadway & W 153 St,40.831327,-73.946665
3693.0,N 11 St & Kent Ave,40.722481886382191,-73.959219306707382
3976.0,E 156 & Brook Ave,40.819823,-73.912411
3894.0,8 Ave & W 16 St,40.740983,-74.001702
4092.0,Jerome Ave & Anderson Ave,40.830179,-73.928747
4052.0,Amsterdam Ave & W 162 St,40.83618,-73.939789
3649.0,W 129 St & Convent Ave,40.814394437915816,-73.953247368335724
3867.0,Somers St & Broadway,40.67945,-73.90474
3769.0,White St & Johnson Ave,40.707174,-73.93581
4202.0,Dawson St & Intervale Ave,40.819999,-73.897263
4122.0,Central Park W & W 97 St,40.792495194951108,-73.964170664630714
4079.0,Grant Ave & E 164 St,40.828847,-73.91769
4048.0,St. Nicholas Ave & W 157 St,40.832314,-73.94102
3908.0,Battery Pl & Greenwich St,40.70463,-74.01507
3987.0,E 149 St & Jackson Ave,40.813135,-73.909235
3880.0,Willoughby Ave & Onderdonk Ave,40.7098,-73.91727
3847.0,Cedar St & Evergreen Ave,40.69671,-73.92807
3911.0,Wyckoff St & Nevins St,40.683426,-73.984275
3646.0,35 Ave & 10 St,40.763154819103733,-73.939855098724365
3834.0,Irving Ave & Halsey St,40.69467,-73.90663
3897.0,Onderdonk Ave & Dekalb Ave,40.70863,-73.91497
3820.0,Willoughby Ave & Myrtle Ave,40.69757,-73.93098
3827.0,Halsey St & Broadway,40.68565,-73.917
4118.0,Liberty St & Nassau St,40.708588942405811,-74.009354822358091
3963.0,Melrose Ave & E 150 St,40.816827,-73.917338
3825.0,Broadway & Furman Ave,40.68139,-73.90756
3859.0,Lorimer St & Calyer St,40.72795,-73.95414
4120.0,E 39 St & Lexington Ave,40.7494985460252,-73.977292031131583
3829.0,Central Ave & Decatur St,40.6882,-73.90798
3953.0,W 147 St & Adam Clayton Powell Blvd,40.82281,-73.937413
3851.0,Metropolitan Ave & Stewart Ave,40.71401,-73.92793
4047.0,Amsterdam Ave & W 156 St,40.832081,-73.942386
4023.0,Adam Clayton Powell Blvd & W 141 St,40.819241,-73.941057
3817.0,Withers St & Kingsland Ave,40.71773,-73.94051
4244.0,W 36 St & 7 Ave,40.752149,-73.989539
4205.0,Crotona Park North & Prospect Ave,40.841092,-73.892317
3688.0,2 Ave & E 55 St,40.757920208794026,-73.966382145881653
3909.0,Madison St & Woodward Ave,40.704,-73.905
3965.0,E 149 St & Eagle Ave,40.814046,-73.91186
4024.0,Macombs Pl & W 152 St,40.826406,-73.937948
4261.0,36 St & Ditmars Blvd,40.774306,-73.908335
4015.0,W 155 St & Frederick Douglass Blvd,40.82923,-73.936996
4126.0,E 157 St & River Ave,40.825737,-73.927311
4222.0,River Ave & E 151 St,40.822217,-73.928939
4056.0,Broadway & W 165 St,40.839137,-73.941409
3921.0,Willis Ave & Bruckner Blvd,40.805701,-73.925177
3654.0,31 St & Northern Blvd,40.751869514218747,-73.933492898941026
4302.0,21 St & 23 Ave,40.778557,-73.919046
4088.0,Nelson Ave & W 172 St,40.843965,-73.920999
4308.0,E 170 St & Sheridan Ave,40.838315,-73.912604
4131.0,Goble Pl & Macombs Rd,40.844075,-73.917256
4099.0,E 169 St & Webster Ave,40.834015,-73.908863
3720.0,Wyckoff St & Bond St,40.68461653897949,-73.987212851643562
4095.0,E 165 St & Jerome Ave,40.83263,-73.925101
4031.0,Cauldwell Ave & E 158 St,40.81989,-73.908351
3875.0,Stephen St & Seneca Ave,40.6988,-73.9007
3994.0,2 Ave & E 125 St,40.802554,-73.933509
3590.0,Carroll St & Franklin Ave,40.6679411,-73.9588
3878.0,Cypress Ave & George St,40.69812,-73.90271
4017.0,E 138 St & 5 Av,40.81449,-73.936153
4013.0,Convent Ave & W 151 St,40.82831,-73.942924
4109.0,Amsterdam Ave & W 183 St,40.84925,-73.93022
4236.0,W 54 St & 11 Ave,40.768333,-73.992573
4279.0,E 54 St & 1 Ave,40.756265,-73.964179
4188.0,Broadway & W 155 St,40.83299,-73.94592
3969.0,St Ann's Ave & Westchester Ave,40.815887,-73.911918
3811.0,27 Ave & 3 St,40.77485,-73.9342
4029.0,Courtlandt Ave & E 149 St,40.816402,-73.919549
4059.0,W 171 St & St. Nicholas Ave,40.842941,-73.938631
3871.0,Bushwick Ave & Furman Ave,40.68281,-73.90623
3977.0,Prospect Ave & Longwood Ave,40.81899,-73.90202
4106.0,Ogden Ave & W 164 St,40.832812,-73.929372
4211.0,Union Ave & E 169 St,40.82995,-73.898802
4312.0,Shore Blvd & Astoria Park,40.77977,-73.923162
4288.0,Steinway St & 21 Ave,40.774798,-73.903787
3949.0,Brook Ave & E 138 St,40.807408,-73.91924
4016.0,Adam Clayton Powell Blvd & W 130 St,40.812346,-73.946168
4068.0,Fort Washington Ave & W 183 St,40.852252,-73.937854
3928.0,Adam Clayton Powell Blvd & W 132 St,40.813539,-73.94521
4303.0,Steinway St & Broadway,40.759057954185863,-73.918975442647934
4108.0,Clay Ave & E 173 St,40.843264,-73.904867
4127.0,Ogden Ave & Merriam Ave,40.839142,-73.925961
4115.0,Bronx Shore Comfort Station,40.80046,-73.92404
4172.0,Washington Ave & E 167 St,40.829896,-73.907618
3929.0,Willis Ave & E 141 St,40.81093,-73.921606
4171.0,Boston Rd & E 167 St,40.828199,-73.903719
3951.0,E 141 St & St Ann's Ave,40.808633,-73.916124
4032.0,E 155 St & Courtlandt Ave,40.82057,-73.917579
4069.0,Cabrini Blvd & W 177 St,40.848282,-73.941343
4213.0,Wilkins Ave & Crotona Park E,40.835302,-73.895133
4098.0,Shakespeare Ave & W 169 St,40.839312,-73.922423
3959.0,Edgecombe Ave & W 145 St,40.823498,-73.94386
3945.0,Amsterdam Ave & W 136 St,40.819746,-73.951819
3805.0,E 80 St & Park Ave,40.776173,-73.959757
4206.0,Southern Blvd & E 149 St,40.811892,-73.904192
3985.0,E 160 St & Tinton Ave,40.820302,-73.903944
3925.0,E 138 St & Canal St W,40.812304,-73.929153
3947.0,E 138 St & Willow Ave,40.804168,-73.911545
4083.0,Walton Ave & E 168 St,40.83649,-73.918316
4305.0,34 Ave & 31 St,40.759604471387945,-73.927144110202789
4084.0,Sheridan Ave & E 168 St,40.835334,-73.9154
4136.0,Washington Ave & E 163 St,40.824,-73.91089
4116.0,Gerard Ave & E 164 St,40.830262,-73.923391
4249.0,E 170 St & Webster Ave,40.836179136774753,-73.907301463227654
4086.0,Inwood Ave & W 170 St,40.840536,-73.919228
4162.0,Southern Blvd & E 172 St,40.834124,-73.88955
4091.0,Jerome Ave & Ogden Ave,40.829797,-73.931015
4177.0,Prospect Ave & Jennings St,40.831762,-73.896853
4228.0,Waterloo Pl & Crotona Park East,40.839194,-73.888587
4103.0,Ogden Ave & W 165 St,40.834457,-73.928381
3954.0,OLD Southern Blvd & E 142 St,40.806,-73.908
4320.0,31 St & Ditmars Blvd,40.776168,-73.910485
4169.0,Morris Ave & E 171 St,40.83899,-73.9109
4201.0,Clay Ave & Claremont Pkwy,40.83999,-73.90549
4080.0,Jerome Ave & E 164 St,40.831444,-73.926226
4143.0,Hunts Point Ave & Bryant Ave,40.813991,-73.8855
3240.0,NYCBS Depot BAL - DYR,0.0,-73.993858695030212
4154.0,Faile St & Garrison Ave,40.820578,-73.888271
4153.0,E 165 St & Fox St,40.82394,-73.894025
4207.0,Sherman Ave & E 166 St,40.831305492672961,-73.917447924613953
4304.0,34th Ave & Vernon Blvd,40.765353803858659,-73.93986314535141
4264.0,48 St & Broadway,40.755763,-73.912715
4329.0,35 St & 30 Ave,40.765475692449527,-73.918115794658661
4204.0,E 167 St & Bryant Ave,40.826706,-73.888719
4227.0,Crotona Park East & E 173 St,40.837037,-73.890413
3239.0,Bressler,40.646538367096483,-74.016587734222412
3650.0,8D Mobile 01,45.505850638767228,-73.569109439849854
4317.0,51 St & Hobart St,40.757764,-73.907654
4287.0,Steinway St & Ditmars Blvd,40.772717,-73.906127
4313.0,46 St & 28 Ave,40.763328,-73.908782
3245.0,"Industry City, Building 1 Basement",40.646677898897863,-74.016303420066833
4314.0,30 Ave & 47 St,40.761294,-73.909562
4289.0,31 St & 21 Ave,40.77813,-73.90842
3488.0,8D QC Station 01,45.506364054011385,-73.5694634914398
4142.0,Barry St & Tiffany St,40.816126,-73.891559
4386.0,57 St & 1 Ave - Brooklyn Army Terminal Vaccination Site,40.646377,-74.023087
4230.0,Charlotte St & Boston Rd,40.8358771,-73.8931428
3197.0,Hs Don't Use,40.719251707409889,-74.03423398733139
3040.0,GOW Tech Shop,40.646678,-74.016263
4272.0,Ditmars Ave & 43 St,40.771203,-73.903865
4331.0,48 St & 37 Ave,40.751555,-73.915026
4310.0,24 St & 38 Ave,40.756351,-73.936515
4319.0,31 Ave & 57 St,40.757357,-73.904726
4266.0,50 St & 30 Ave,40.760083,-73.907107
4316.0,34 Ave & 48 St,40.75388,-73.914952
4260.0,43 St & 23 Ave,40.769673,-73.906018
4269.0,Broadway & 51 St,40.754164,-73.908906
3672.0,Apache,40.669767091850026,-73.994743824005127
4321.0,21 Ave & Crescent St,40.780478,-73.912212
3000.0,MLSWKiosk,40.755467,-73.986536
2012.0,E 27 St & 1 Ave,40.739445,-73.976806
311.0,Norfolk St & Broome St,40.716,-73.989
2021.0,W 45 St & 8 Ave,40.75929124,-73.98859651
454.0,E 51 St & 1 Ave,40.75455731,-73.96592976
485.0,W 37 St & 5 Ave,40.749,-73.98338988
3177.0,W 84 St & Broadway,40.7867947,-73.977112
337.0,Old Slip & Front St,40.7037992,-74.00838676
3140.0,1 Ave & E 78 St,40.77,-73.9535166
270.0,Adelphi St & Myrtle Ave,40.69308257,-73.97178913
116.0,W 17 St & 8 Ave,40.74177603,-74.00149746
79.0,Franklin St & W Broadway,40.719,-74.007
477.0,W 41 St & 8 Ave,40.755,-73.9900262
516.0,E 47 St & 1 Ave,40.752,-73.968
3293.0,W 92 St & Broadway,40.7921,-73.9739
382.0,University Pl & E 14 St,40.73492695,-73.99200509
297.0,E 15 St & 3 Ave,40.734,-73.986923
520.0,W 52 St & 5 Ave,40.75992262,-73.97648516
3158.0,W 63 St & Broadway,40.77163851,-73.983
537.0,Lexington Ave & E 24 St,40.74025878,-73.98409214
488.0,W 39 St & 9 Ave,40.75645824,-73.99372222
2017.0,E 43 St & 2 Ave,40.75022392,-73.97121414
3641.0,Broadway & W 25 St,40.742868773121117,-73.98918628692627
3260.0,Mercer St & Bleecker St,40.727063633483063,-73.996621370315538
492.0,W 33 St & 7 Ave,40.75019995,-73.99093085
419.0,Carlton Ave & Park Ave,40.69580705,-73.97355569
510.0,W 51 St & 6 Ave,40.7606597,-73.98042047
414.0,Pearl St & Anchorage Pl,40.70281858,-73.98765762
491.0,E 24 St & Park Ave S,40.74,-73.98602213
523.0,W 38 St & 8 Ave,40.75466591,-73.992
3236.0,PABT Valet,40.758,-73.995
224.0,Spruce St & Nassau St,40.71146364,-74.00552427
340.0,Madison St & Clinton St,40.71269042,-73.98776323
293.0,Lafayette St & E 8 St,40.730206605299543,-73.992
236.0,St Marks Pl & 2 Ave,40.728,-73.98713956
167.0,E 39 St & 3 Ave,40.7489006,-73.977
161.0,LaGuardia Pl & W 3 St,40.728,-73.99810231
443.0,Bedford Ave & S 9 St,40.70853074,-73.96408963
519.0,E 42 St & Vanderbilt Ave,40.751873,-73.97837
427.0,Bus Slip & State St,40.701907,-74.01427023
3256.0,Pier 40 - Hudson River Park,40.7277140777778,-74.011295735836029
285.0,Broadway & E 14 St,40.734,-73.992
247.0,Perry St & Bleecker St,40.73535398,-74.00483091
3285.0,W 87 St  & Amsterdam Ave,40.78839,-73.9747
3148.0,E 84 St & 1 Ave,40.77565541,-73.95068615
3870.0,Melrose St & Broadway,40.697481,-73.935877
349.0,Rivington St & Ridge St,40.71850211,-73.98329859
2009.0,Catherine St & Monroe St,40.71117444,-73.99682619
521.0,8 Ave & W 31 St,40.75044999,-73.99481051
127.0,Barrow St & Hudson St,40.73172428,-74.00674436
531.0,Forsyth St & Broome St,40.71893904,-73.99266288
3121.0,Jackson Ave & 46 Rd,40.74524768,-73.94733276
434.0,9 Ave & W 18 St,40.743,-74.004
3289.0,W 90 St & Amsterdam Ave,40.790179480950812,-73.974
3156.0,E 72 St & York Ave,40.76663814,-73.95348296
502.0,Henry St & Grand St,40.714211,-73.981346
3423.0,West Drive & Prospect Park West,40.6610633719006,-73.98
4240.0,E 44 St & Lexington Ave,40.752643,-73.974996
447.0,8 Ave & W 52 St,40.76370739,-73.986
173.0,Broadway & W 49 St,40.76064679,-73.986
530.0,11 Ave & W 59 St,40.77,-73.990541
3169.0,Riverside Dr & W 82 St,40.78720869,-73.98128127
3085.0,Roebling St & N 4 St,40.71469,-73.95739
433.0,E 13 St & Avenue A,40.72955361,-73.98057249
358.0,Christopher St & Greenwich St,40.73291553,-74.00711384
225.0,W 14 St & The High Line,40.74195138,-74.00803013
459.0,W 20 St & 11 Ave,40.746,-74.007756
323.0,Lawrence St & Willoughby St,40.692,-73.98631746
302.0,Avenue D & E 3 St,40.72082834,-73.97793172
3611.0,Vernon Blvd & 47 Rd,40.7449067,-73.9534573
3165.0,Central Park West & W 72 St,40.77575319,-73.9762057363987
3427.0,Lafayette St & Jersey St,40.724305272503322,-73.996009826660156
232.0,Cadman Plaza E & Tillary St,40.69597683,-73.99014892
295.0,Pike St & E Broadway,40.71406667,-73.99293911
3447.0,E 71 St & 1 Ave,40.76703432309872,-73.95622730255127
330.0,Reade St & Broadway,40.71450451,-74.00562789
3129.0,Queens Plaza North & Crescent St,40.75110165,-73.941
229.0,Great Jones St,40.72743423,-73.99379025
3305.0,E 91 St & 2 Ave,40.781122299341661,-73.95
3537.0,Carlton Ave & Dean St,40.6809741,-73.9710097
301.0,E 2 St & Avenue B,40.722,-73.98368779
3131.0,E 68 St & 3 Ave,40.76712840349542,-73.962246179580688
496.0,E 16 St & 5 Ave,40.737,-73.99238967
3244.0,University Pl & E 8 St,40.731,-73.995
2006.0,Central Park S & 6 Ave,40.76590936,-73.977
3524.0,19 St & 24 Ave,40.7774552,-73.9225403
324.0,DeKalb Ave & Hudson Ave,40.689888,-73.981013
3119.0,Vernon Blvd & 50 Ave,40.74232744,-73.95411749
3301.0,Columbus Ave & W 95 St,40.791,-73.968087
3410.0,Dean St & Hoyt St,40.6864442,-73.98759104
3601.0,Sterling St & Bedford Ave,40.6627059,-73.9569115
150.0,E 2 St & Avenue C,40.7208736,-73.98085795
3168.0,Central Park West & W 85 St,40.78472675,-73.971
3368.0,5 Ave & 3 St,40.6728155,-73.98352355
3711.0,E 13 St & Avenue A,40.729667293929779,-73.980679661035538
3002.0,South End Ave & Liberty St,40.711512,-74.015756
3500.0,E 115 St & Madison Ave,40.7989445,-73.944846
281.0,Grand Army Plaza & Central Park S,40.764,-73.974
3142.0,1 Ave & E 62 St,40.761,-73.962
3141.0,1 Ave & E 68 St,40.764,-73.959
512.0,W 29 St & 9 Ave,40.7500727,-73.99839279
3474.0,6 Ave & Spring St,40.7252556952547,-74.004120826721191
3574.0,Prospect Pl & Underhill Ave,40.6769694,-73.96579
251.0,Mott St & Prince St,40.722,-73.995
467.0,Dean St & 4 Ave,40.68312489,-73.97895137
3074.0,Montrose Ave & Bushwick Ave,40.707,-73.941
3350.0,W 100 St & Broadway,40.797,-73.971
3554.0,Vernon Blvd & 41 Rd,40.7552433,-73.9485678
486.0,Broadway & W 29 St,40.7462009,-73.98855723
3067.0,Broadway & Whipple St,40.7016657,-73.9437303
3577.0,34 Ave & 21 St,40.7628138,-73.9342862
3443.0,W 52 St & 6 Ave,40.761,-73.98
276.0,Duane St & Greenwich St,40.71748752,-74.0104554
383.0,Greenwich Ave & Charles St,40.735238,-74.000271
291.0,Madison St & Montgomery St,40.713126,-73.984844
3066.0,Tompkins Ave & Hopkins St,40.69957608,-73.94708417
465.0,Broadway & W 41 St,40.75513557,-73.98658032
3357.0,W 106 St & Amsterdam Ave,40.8008363,-73.9664492472
3599.0,Franklin Ave & Empire Blvd,40.66314,-73.9605695
3428.0,8 Ave & W 16 St,40.740983,-74.001702
3367.0,5 Ave & E 103 St,40.791,-73.953
3255.0,8 Ave & W 31 St,40.7505853470215,-73.995
3860.0,Wilson Ave & Troutman St,40.70166,-73.92754
3170.0,W 84 St & Columbus Ave,40.78499979,-73.97283406
3171.0,Amsterdam Ave & W 82 St,40.78524672,-73.97667321
3134.0,3 Ave & E 62 St,40.76312584,-73.96526895
3173.0,Riverside Blvd & W 67 St,40.777507027547976,-73.989
3102.0,Driggs Ave & Lorimer St,40.72179134,-73.9504154
515.0,W 43 St & 10 Ave,40.76009437,-73.995
3536.0,W 116 St & Broadway,40.8082,-73.9641
3489.0,Gold St & Frankfort St,40.710699946313873,-74.003541469573975
3100.0,Nassau Ave & Newell St,40.724812564400175,-73.947526216506958
3115.0,India St & Manhattan Ave,40.73232194,-73.9550858
3160.0,Central Park West & W 76 St,40.77896784,-73.97374737
489.0,10 Ave & W 28 St,40.75066386,-74.00176802
435.0,W 21 St & 6 Ave,40.74173969,-73.995
3070.0,McKibbin St & Manhattan Ave,40.70510918,-73.94407279
3298.0,Warren St & Court St,40.686371,-73.99383324
3516.0,31 St & Astoria Blvd,40.7699176,-73.9184057
3724.0,7 Ave & Central Park South,40.7667405590595,-73.98
250.0,Lafayette St & Jersey St,40.72456089,-73.99565293
3065.0,Union Ave & Wallabout St,40.70029511,-73.95032283
3136.0,5 Ave & E 63 St,40.766368,-73.971518
3799.0,6 Ave & W 34 St,40.74964,-73.98805
513.0,W 56 St & 10 Ave,40.767,-73.989
3461.0,Murray St & Greenwich St,40.714851505262523,-74.011223316192627
3072.0,Leonard St & Boerum St,40.70583339,-73.947
3576.0,Park Pl & Vanderbilt Ave,40.6767,-73.969024
332.0,Cherry St,40.71219906,-73.98
3547.0,Broadway & Moylan Pl,40.8143256,-73.9590255
3086.0,Graham Ave & Conselyea St,40.715143,-73.944507
3660.0,W 16 St & 8 Ave,40.741021509002657,-74.001384973526
3525.0,23 Ave & 27 St,40.776165,-73.9153175
3514.0,Astoria Park S & Shore Blvd,40.776,-73.929
3733.0,Avenue C & E 18 St,40.730563,-73.973984
3746.0,6 Ave & Broome St,40.724308321602166,-74.004730358719826
3592.0,Crescent St & Broadway,40.7633589,-73.9286471
3421.0,Hoyt St & Warren St,40.6843549,-73.98901629
3765.0,Bushwick Ave & Stagg St,40.709897,-73.94008
3383.0,Cathedral Pkwy & Broadway,40.804213,-73.96699104
3109.0,Banker St & Meserole Ave,40.72606,-73.95621
364.0,Lafayette Ave & Classon Ave,40.689,-73.96023854
3246.0,Montague St & Clinton St,40.694281141397326,-73.99230033159256
157.0,Henry St & Atlantic Ave,40.69089272,-73.99612349
3374.0,Central Park North & Adam Clayton Powell Blvd,40.799484,-73.956
3370.0,78 St & 2 Ave,40.7727966,-73.956
3813.0,W 20 St & 10 Ave,40.745686,-74.005141
3057.0,Kosciuszko St & Tompkins Ave,40.69128258,-73.9452416
545.0,E 23 St & 1 Ave,40.736502,-73.97809472
3686.0,Gansevoort St & Hudson St,40.739448201304043,-74.005070328712463
3804.0,Front St & Jay St,40.702461,-73.986842
3530.0,Crescent St & Ditmars Blvd,40.7787185,-73.9145645
3568.0,34 St & 35 Ave,40.7569332,-73.9262231
3400.0,E 110 St & Madison Ave,40.7961535,-73.94782145
3359.0,E 68 St & Madison Ave,40.7691572,-73.96703464
3572.0,34 Ave & 38 St,40.756913,-73.921631
3161.0,W 76 St & Columbus Ave,40.779,-73.977285325527191
3232.0,Bond St & Fulton St,40.689621887903328,-73.983042687177658
3369.0,E 82 St & East End Ave,40.772460677893967,-73.9468208
3527.0,5 Ave & E 126 St,40.80698,-73.941747
2023.0,E 55 St & Lexington Ave,40.75968085,-73.97031366
4121.0,1 Ave & E 39 St,40.74714,-73.97113
3377.0,Carroll St & Bond St,40.6786115,-73.99037292
3062.0,Myrtle Ave & Marcy Ave,40.695,-73.95
3296.0,E 93 St & 2 Ave,40.782454175279874,-73.9489196240902
418.0,Front St & Gold St,40.70224,-73.982578
3304.0,6 Ave & 9 St,40.668127,-73.98377641
3422.0,Columbia St & Degraw St,40.6859296,-74.00242364
3397.0,Court St & Nelson St,40.6763947,-73.99869893
3137.0,5 Ave & E 72 St,40.77282817,-73.968
3914.0,West End Ave & W 78 St,40.783786,-73.981687
3317.0,10 St & 5 Ave,40.6686273,-73.98700053
3673.0,Dean St & Franklin Ave,40.677592069373759,-73.955637216568
3906.0,West St & Liberty St,40.711444,-74.014847
4011.0,Westchester Ave & Jackson Ave,40.816124,-73.908116
3735.0,W 30 St & 10 Ave,40.752694,-74.002353
534.0,Water - Whitehall Plaza,40.70255065,-74.0127234
3495.0,E 114 St & 1 Ave,40.7945663,-73.9362541
3630.0,Frederick Douglass Blvd & W 115 St,40.803,-73.956
458.0,11 Ave & W 27 St,40.751396,-74.005226
3697.0,W 64 St & Thelonious Monk Circle,40.77515953434235,-73.989186957478523
2000.0,Front St & Washington St,40.70255088,-73.98940236
3755.0,DeKalb Ave & Franklin Ave,40.690648070829432,-73.957461789250374
522.0,E 51 St & Lexington Ave,40.75714758,-73.97207836
408.0,Market St & Cherry St,40.71076228,-73.99400398
478.0,11 Ave & W 41 St,40.76030096,-73.99884222
3478.0,2 Ave & 36 St,40.656,-74.01
3913.0,Sands St Gate,40.699569,-73.979827
3810.0,Central Park West & W 82 St,40.782593,-73.971211
3318.0,2 Ave & E 96 St,40.7839636,-73.9471673
3356.0,Amsterdam Ave & W 66 St,40.7746671,-73.986
303.0,Mercer St & Spring St,40.72362738,-73.99949601
3054.0,Greene Ave & Throop Ave,40.6894932,-73.942061
3890.0,Grove St & Broadway,40.69047,-73.923511
3302.0,Columbus Ave & W 103 St,40.7969347,-73.9643412291
3164.0,Columbus Ave & W 72 St,40.776,-73.98
352.0,W 56 St & 6 Ave,40.76340613,-73.97722479
329.0,Greenwich St & N Moore St,40.720152270232852,-74.010365009307861
137.0,E 56 St & Madison Ave,40.761628,-73.972924
306.0,Cliff St & Fulton St,40.70823502,-74.00530063
546.0,E 30 St & Park Ave S,40.743,-73.98303529
266.0,Avenue D & E 8 St,40.72368361,-73.97574813
216.0,Columbia Heights & Cranberry St,40.70037867,-73.99548059
404.0,9 Ave & W 14 St,40.7405826,-74.00550867
421.0,Clermont Ave & Park Ave,40.69573398,-73.97129668
258.0,DeKalb Ave & Vanderbilt Ave,40.68940747,-73.96885458
290.0,2 Ave & E 58 St,40.76020258,-73.96478473
82.0,St James Pl & Pearl St,40.71,-74.001
314.0,Cadman Plaza West & Montague St,40.69383,-73.99215922
263.0,Elizabeth St & Hester St,40.71729,-73.996375
357.0,E 11 St & Broadway,40.73261787,-73.99158043
267.0,Broadway & W 36 St,40.75097711,-73.989
475.0,E 15 St & Irving Pl,40.73524276,-73.98758561
282.0,Kent Ave & S 11 St,40.707,-73.968415260314941
431.0,Hanover Pl & Livingston St,40.68864636,-73.98263429
289.0,Monroe St & Classon Ave,40.6845683,-73.95881081
407.0,Henry St & Poplar St,40.700469,-73.991454
411.0,E 6 St & Avenue D,40.722,-73.977
339.0,Avenue D & E 12 St,40.72580614,-73.97422494
218.0,Gallatin Pl & Livingston St,40.69028437,-73.98707105
313.0,Washington Ave & Park Ave,40.69610226,-73.96751037
495.0,W 47 St & 10 Ave,40.76269882,-73.99301222
2005.0,Railroad Ave & Kay Ave,40.70531194,-73.97100056
3017.0,NYCBS Depot - FAR,40.751483,-73.996764
3144.0,E 81 St & Park Ave,40.77677702,-73.9590097
3176.0,W 64 St & West End Ave,40.77452835,-73.98753759
3087.0,Metropolitan Ave & Meeker Ave,40.71413311,-73.95234386
3234.0,E 40 St & Madison Ave,40.751593684511121,-73.98043155670166
3014.0,3969.TEMP (Bike The Branches - Central Branch),40.722852,-73.959114
3415.0,Prospect Pl & 6 Ave,40.6793307,-73.97519523
3233.0,E 48 St & 5 Ave,40.757245679117261,-73.978059142827988
3071.0,Boerum St & Broadway,40.70538077,-73.94976519
3128.0,21 St & 43 Ave,40.75052534,-73.94594845
3180.0,Brooklyn Bridge Park - Pier 2,40.69878,-73.99712
3073.0,Division Ave & Hooper St,40.70691254,-73.95441667
3181.0,Soissons Landing,40.692609,-74.016398
3154.0,E 77 St & 3 Ave,40.77314236,-73.95856158
3108.0,Nassau Ave & Russell St,40.725,-73.94434
3092.0,Berry St & N 8 St,40.719,-73.959
255.0,NYCBS Depot - SSP,40.646768,-74.01651
3126.0,44 Dr & Jackson Ave,40.746,-73.944
3056.0,Kosciuszko St & Nostrand Ave,40.69072549,-73.95133465
3384.0,Smith St & 3 St,40.6787242,-73.99599099
3091.0,Frost St & Meeker St,40.71764,-73.94882
3106.0,Driggs Ave & N Henry St,40.722,-73.944
3082.0,Hope St & Union Ave,40.71167351,-73.95141312
3079.0,Leonard St & Grand St,40.71103537,-73.94714303
3401.0,2 Ave & 9 St,40.6724811,-73.99331394
3046.0,Marcus Garvey Blvd & Macon St,40.682601,-73.938037
3043.0,Lewis Ave & Decatur St,40.6814598,-73.934903
3049.0,Cambridge Pl & Gates Ave,40.68488,-73.96304
3552.0,W 113 St & Broadway,40.805973,-73.965
3346.0,Berkeley Pl & 7 Ave,40.674,-73.975232094526291
3222.0,Hanson Pl & St Felix St,40.685159599891776,-73.977113664150238
3179.0,Park Ave & Marcus Garvey Blvd,40.698617,-73.941342
3149.0,E 82 St & 2 Ave,40.77517793,-73.95324922
3335.0,Union St & 4 Ave,40.6772744,-73.98282002
3238.0,E 80 St & 2 Ave,40.773913902381182,-73.9543953537941
3315.0,Henry St & Degraw St,40.6847514,-73.99917254
3371.0,4 Ave & 2 St,40.674613422475815,-73.985011428594589
3264.0,E 61 St & Park Ave,40.764210071690641,-73.969104588031769
3324.0,3 Ave & 14 St,40.6685455,-73.99333264
3566.0,Crescent St & 35 Ave,40.7596276,-73.9321455
3342.0,Pioneer St & Richards St,40.6777748,-74.0094613
3445.0,Riverside Dr & W 89 St,40.791811715010972,-73.9786022901535
3321.0,Clinton St & Union St,40.6831164,-73.99785267
3389.0,Carroll St & Columbia St,40.6830456,-74.00348559
3436.0,Greenwich St & Hubert St,40.721319,-74.010065
3019.0,NYCBS Depot - DEL,40.716633,-73.981933
3297.0,6 St & 7 Ave,40.6686627,-73.97988067
3462.0,E 44 St & 2 Ave,40.751183874632773,-73.971387147903442
3417.0,Baltic St & 5 Ave,40.6795766,-73.98
3510.0,Adam Clayton Powell Blvd & W 123 St,40.8078316,-73.95
3538.0,W 110 St & Amsterdam Ave,40.802692,-73.96295
3593.0,31 St & Broadway,40.761584,-73.925921
3386.0,1 Pl & Clinton St,40.6809591,-73.99905709
3020.0,NYCBS Test,40.6466068,-74.01597
3123.0,31 St & Thomson Ave,40.74469738,-73.93540375
3308.0,Kane St & Clinton St,40.6861758,-73.99645295
3573.0,35 St & 34 Ave,40.758,-73.9242751
3229.0,Marcy Ave & MacDonough St,40.680617684554512,-73.946249485015869
3642.0,E 98 St & Lexington Ave,40.787285198609517,-73.950122594833374
3408.0,Congress St & Clinton St,40.6881529,-73.99520919
3623.0,W 120 St & Claremont Ave,40.8109494,-73.9634
3399.0,7 St & 3 Ave,40.672602981501257,-73.989830017089844
3503.0,Madison Ave & E 120 St,40.80295,-73.942954
3405.0,5 St & 6 Ave,40.6704836,-73.98208968
3511.0,Adam Clayton Powell Blvd & W 115 St,40.802535,-73.9532423
3330.0,Henry St & Bay St,40.6725058,-74.00494695
3479.0,Picnic Point,40.685125595154148,-74.025353193283081
3548.0,Pacific St & Bedford Ave,40.6777747,-73.9529322
3337.0,Dwight St & Van Dyke St,40.673635513415043,-74.011955559253693
3583.0,Eastern Pkwy & Washington Ave,40.6716493,-73.9631145
3253.0,Bike The Branches - Central Branch,40.67280641227746,-73.968865871429443
3257.0,Adventures NYC,40.773768670228741,-73.971169888973236
3569.0,Franklin Ave & St Marks Ave,40.6758324,-73.9561677
3588.0,Vernon Blvd & 10 St,40.7671863,-73.9373554
3551.0,3 Ave & E 112 St,40.795508,-73.941606
3561.0,37 Ave & 35 St,40.7531106,-73.9279917
3393.0,Richards St & Delavan St,40.6794327,-74.00785041
3513.0,21 St & Hoyt Ave S,40.774645,-73.923706
3595.0,35 St & Broadway,40.760339,-73.9222427
3535.0,Mt Morris Park W & W 120 St,40.804038,-73.945925
3567.0,11 St & 35 Ave,40.7627442,-73.9391141
3564.0,21 St & 36 Ave,40.7601853,-73.9362726
3620.0,11 St & 43 Ave,40.7519071,-73.9479119
3504.0,E 123 St & Lexington Ave,40.8029263,-73.9379
3541.0,Amsterdam Ave & W 125 St,40.813358,-73.956461
3738.0,Delancey St & Eldridge St,40.719383,-73.991479
3946.0,St Nicholas Ave & W 137 St,40.818477,-73.947568
3658.0,W 18 St & 9 Ave,40.7435337324616,-74.003675580024719
4009.0,Riverside Dr & W 145 St,40.827305,-73.951989
4232.0,6 Ave & W 45 St,40.756951,-73.982631
3795.0,10 St & 2 Ave,40.671907,-73.993612
4075.0,Central Park West & W 85 St,40.78476,-73.969862
4073.0,W 51 St & Rockefeller Plaza,40.759699959062537,-73.978081941604614
3739.0,Perry St & Greenwich Ave,40.735918,-74.000939
4038.0,Southpoint Park,40.75370225419114,-73.958652019500718
3763.0,Wyckoff Av & Jefferson St,40.707,-73.923711
3887.0,Flushing Ave & Woodward Ave,40.71246,-73.92
3918.0,Avenue D & E 8 St,40.72387,-73.975767
3818.0,Calyer St & Jewel St,40.72984,-73.94839
3996.0,Lexington Ave & E 128 St,40.806414,-73.936085
3680.0,E 43 St & 5 Ave,40.754120810779256,-73.980251848697662
3704.0,47 Ave & Skillman Ave,40.7437524099784,-73.941764831542969
3815.0,E 51 St & 2 Ave,40.755293,-73.967641
3992.0,W 169 St & Fort Washington Ave,40.8428422,-73.9421253
3808.0,24 St & 41 Ave,40.752474,-73.939991
3745.0,36 Ave & 31 St,40.756512729849547,-73.929574862122521
3709.0,W 15 St & 6 Ave,40.738046142482766,-73.996429592370987
3691.0,28 Ave & 44 St,40.76408932350688,-73.910651206970215
3879.0,Broadway & Madison St,40.68822,-73.91966
3872.0,Hancock St & Wyckoff Ave,40.6972,-73.90674
3604.0,Rogers Ave & Sterling St,40.6630619,-73.9538746
3780.0,Wyckoff Av & Stanhope St,40.703545,-73.917775
4125.0,E 161 St & River Ave,40.827883,-73.927111
3865.0,Knickerbocker Ave & Cooper St,40.69081,-73.90448
3662.0,31 Ave & Steinway St,40.761293897289086,-73.916916847229
3833.0,Madison St & Evergreen Ave,40.69122,-73.91693
4167.0,Grand Concourse & East Mount Eden Ave,40.84301,-73.91172
3886.0,Menahan St & Onderdonk Ave,40.70553,-73.9096
3919.0,Wall St & South St,40.70437,-74.00637
3728.0,Pierrepont St & Monroe Pl,40.695356933202248,-73.993440270423889
3883.0,Harman St & Seneca Ave,40.70577,-73.91292
3776.0,Central Ave & Starr Street,40.700003,-73.92834
3961.0,Morris Ave & E 153 St,40.820036,-73.921411
3559.0,21 St & 38 Ave,40.7576314,-73.9391224
3853.0,Harrison Pl & Porter Ave,40.70686,-73.929
3958.0,Willis Ave & E 143 St,40.812299,-73.92037
3843.0,Myrtle Ave & Grove St,40.69905,-73.91516
3501.0,E 118 St & Madison Ave,40.8014866,-73.9442507
4195.0,E 167 St & Clay Ave,40.83094,-73.91125
3788.0,E 12 St & 4 Av,40.73269,-73.98974
4250.0,Seneca Ave & Irvine St,40.818725699901158,-73.888624906539917
3764.0,Bushwick Ave & McKibbin St,40.705517,-73.93936
3831.0,Broadway & Hancock St,40.68663,-73.9168
3848.0,Suydam St & Broadway,40.69544,-73.93223
4225.0,Clinton St & Tillary St,40.696232971293163,-73.991420567035675
4212.0,Franklin Ave & E 169 St,40.83171,-73.90208
3845.0,Irving Ave & Harman St,40.70108,-73.9179
3606.0,49 Ave & 21 St,40.74252,-73.95
4076.0,E 150 St & Gerard Ave,40.820089,-73.928947
3756.0,White St & Moore St,40.704508,-73.9351
4002.0,W 144 St & Adam Clayton Powell Blvd,40.820877,-73.939249
3676.0,Van Brunt St & Van Dyke St,40.6758329439129,-74.014726281166077
3960.0,Hamilton Pl & W 140 St,40.822756,-73.951346
4060.0,Amsterdam Ave & W 172 St,40.842173,-73.935111
3855.0,Frost St & Debevoise Ave,40.71882,-73.93948
4027.0,St. Nicholas Ave & W 155 St,40.830663,-73.941323
3973.0,St Nicholas Ave & W 150 St,40.827212,-73.942722
3850.0,Jefferson St & Cypress Ave,40.70907,-73.923
4186.0,E 149 St & Park Ave,40.818154,-73.925294
4007.0,Riverside Dr & W 138 St,40.823168,-73.955857
3993.0,W 59 St & West End Ave,40.771771,-73.990625
3600.0,31 Ave & Steinway St,40.7611488,-73.9170071
3956.0,St. Ann's Ave & E 144 St,40.811112,-73.914932
4113.0,Icahn Stadium,40.79346,-73.92389
4004.0,Edgecombe Ave & W 141 St,40.820681,-73.945144
4041.0,Adam Clayton Powell Blvd & W 151 St,40.825289,-73.936232
4168.0,Mount Eden Pkwy & Eastburn Ave,40.842675,-73.908544
4238.0,W 44 St & 11 Ave,40.762009,-73.996975
4034.0,Hamilton Pl & W 138 St,40.821728,-73.952761
4280.0,W 10 St & Washington St,40.73342399437081,-74.008514955639839
4184.0,Southern Blvd & E 174 St,40.836733,-73.887931
3989.0,Willis Ave & E 137 St,40.808384,-73.923604
4000.0,Lenox Ave & W 144 St,40.819783,-73.936521
3975.0,Brook Ave & E 157 St,40.820713,-73.911759
3938.0,E 133 St & Cypress Pl,40.80262,-73.9174
3857.0,Engert Ave & McGuinness Blvd,40.72158,-73.94546
3942.0,Broadway & W 133 St,40.8190344,-73.956156
3695.0,E 5 St & 2 Ave,40.726869515282068,-73.989190310239792
3972.0,E 158 St & Melrose Ave,40.822215,-73.914688
4110.0,Avenue D & E 10 St,40.725065510154749,-73.975158333778381
4181.0,Hoe Ave & Jennings St,40.832171,-73.889686
4179.0,Freeman St & Southern Blvd,40.830051,-73.892103
4220.0,Frederick Douglass Blvd & W 145 St,40.823061,-73.941928
4144.0,Lafayette Ave & Hunts Point Ave,40.816567,-73.888161
4189.0,Grant Ave & E 169 St,40.83579,-73.913741
3927.0,Lenox Ave & W 133 St,40.81296,-73.941878
3988.0,E 128 St & 3 Ave,40.805631,-73.934077
4139.0,Tinton Ave & E 165 St,40.824796,-73.90242
3955.0,St Mary's St & Jackson Ave,40.808891,-73.91081
3835.0,Knickerbocker Ave & Hancock St,40.69385,-73.90974
4132.0,Southern Blvd & Avenue St. John,40.812769,-73.901583
4138.0,3 Ave & Franklin Ave,40.82696,-73.907451
3826.0,Moffat St & Bushwick,40.68458,-73.90925
4263.0,30 Ave & 41 St,40.763422,-73.914142
3631.0,Crown St & Bedford Ave,40.666563,-73.956741
4078.0,Concourse Village East & E 158 St,40.823732,-73.919379
4061.0,Fort Washington Ave & W 173 St,40.84522,-73.940493
4028.0,Frederick Douglass Blvd & Harlem River Dr,40.830702,-73.936371
4158.0,Freeman St & Reverend James A Polite Ave,40.830529,-73.894717
4148.0,Intervale Ave & Westchester Ave,40.821967,-73.896752
3952.0,E 141 St & Jackson Ave,40.806896,-73.911837
4067.0,Amsterdam Ave & W 180 St,40.847396,-73.931205
4239.0,E 50 St & Park Ave,40.757334,-73.974235
4151.0,3 Ave & E 169 St,40.832678,-73.905158
4128.0,College Ave & E 170 St,40.837576,-73.910489
4175.0,E 171 St & Webster Ave,40.838379,-73.905838
3873.0,Madison St & Cypress Ave,40.70068,-73.90742
4135.0,Westchester Ave & Longwood Ave,40.819701,-73.901311
4157.0,Boston Rd & Prospect Ave,40.833246,-73.896599
3970.0,Melrose Ave & E 154 St,40.819609,-73.916071
3983.0,Westchester Ave & E 156 St,40.817802,-73.905203
3930.0,E 142 St & 3 Ave,40.812,-73.923697
3940.0,E 134 St & Walnut Ave,40.800425,-73.911034
4090.0,Grand Concourse & E 156 St,40.823429,-73.924689
4150.0,E 170 St & Webster Ave,40.836103,-73.907199
3669.0,Henry St & W 9 St,40.67630357634183,-74.003140479326248
4191.0,Intervale Ave & Kelly St,40.827301,-73.896372
4064.0,Southern Blvd & E 142 St,40.807347437082,-73.908097743988037
4152.0,Fulton Ave & E 168 St,40.830471,-73.904556
4104.0,Old Broadway & W 133 St,40.818212,-73.955277
3964.0,Brook Ave & E 148 St,40.814383,-73.915368
4137.0,3 Ave & E 163 St,40.823872,-73.908699
3982.0,Bergen Ave & E 152 St,40.817166,-73.914737
3933.0,Gerard Ave & E 146 St,40.817755,-73.92965
4192.0,Prospect Ave & E 167 St,40.826303,-73.898751
4050.0,W 159 St & Edgecombe Ave,40.833303,-73.939326
4101.0,E 153 St & E 157 St,40.826677,-73.929327
4183.0,Fulton Ave & E 172 St,40.839229,-73.899047
4163.0,Boone Ave & E 172 St,40.832649,-73.885272
4182.0,Louis Nine Blvd & Intervale Ave,40.831998,-73.892686
4165.0,E 165 St & Clay Ave,40.82809,-73.91288
4203.0,Westchester Ave & Southern Blvd,40.824956,-73.891677
3468.0,NYCBS Depot - STY - Garage 4,40.7303801,-73.9747502
3594.0,Montgomery St & Franklin Ave OLD,40.6661649,-73.9593484
4194.0,Plaza Dr & W 170 St,40.840484,-73.917946
4111.0,E 27 St & Park Ave S,40.742751796489948,-73.9847157150507
4309.0,18 St & 27 Ave,40.772768286288304,-73.927436470985413
3719.0,S Portland Ave & Atlantic Ave,40.683222541615947,-73.9738118648529
4255.0,42 Pl & Northern Blvd,40.753091,-73.920603
4160.0,Washington Ave & E 174 St,40.843079,-73.900216
4328.0,W 167 St & St. Nicholas Ave,40.840124,-73.93949
4251.0,Nelson Ave & 167 St,40.836705668628042,-73.926088660955429
4180.0,West Farms Rd & Boone Ave,40.830025,-73.886312
4208.0,Walton Ave & E 153 St,40.822351,-73.926907
3485.0,NYCBS Depot - RIS,40.725208,-73.974724
3550.0,Convent Ave & W 129 St,40.81413,-73.953005
3250.0,58th St Depot,40.716909780459652,-73.983837962150574
3036.0,8D OPS 01,40.517975200388513,-74.0313720703125
4387.0,58 St & 2 Ave - Brooklyn Army Terminal Vaccination Site,40.644512,-74.021506
4306.0,35 St & 23 Ave,40.773015082913822,-73.911190330982208
3636.0,Expansion Warehouse 333 Johnson Ave,40.707731483954696,-73.934522867202759
3252.0,Bike The Branches - Red Hook Branch,40.675349530674119,-74.010020345449448
4270.0,62 St & Northern Blvd,40.754176,-73.900318
4256.0,25 Ave & 41 St,40.767666,-73.910963
4258.0,34 Ave & 45 St,40.754795,-73.917014
3912.0,MTL-AOS-5.1,40.7903,-73.9597
4267.0,Bulova Ave & Brooklyn Queens Expressway W,40.762507,-73.902534
4318.0,Broadway & 49 St,40.755389,-73.911517
3487.0,Prototype Lab Motivate Headquarters,40.656595674820387,-74.008492827415466
4275.0,21 Ave & Shore Blvd,40.783956,-73.916894
3446.0,NYCBS Depot - STY - Valet Scan,0.0,0.0
3385.0,2 Ave & E 105 St,40.7898175,-73.94296109
4271.0,31 Ave & 61 St,40.757525,-73.901614
3633.0,333 Johnson TEST 1,0.0,0.0