year,day_of_week,hour_of_day,num_rides
2014,6,12,61922
2014,5,16,80811
2013,3,12,38780
2015,6,14,89117
2015,6,7,75458
2016,7,21,47417
2014,3,21,41304
2015,2,17,163640
2020,5,19,200118
2015,4,11,59217
2017,1,12,161146
2015,1,11,82908
2015,4,9,116116
2017,3,12,104612
2016,7,12,139279
2019,2,16,194025
2019,5,9,209889
2018,5,15,142239
2015,6,12,76302
2014,6,17,122278
2015,4,12,68769
2017,6,17,243886
2015,4,22,37529
2016,2,21,61444
2015,2,7,78371
2014,5,17,128099
2016,1,9,60324
2020,1,16,270391
2014,2,3,1299
2018,6,13,141380
2018,3,11,100862
2021,1,7,1997
2014,4,14,58055
2014,1,11,69392
2016,1,12,125455
2019,3,15,161824
2019,7,12,227976
2016,6,13,112903
2016,6,8,193808
2016,1,20,63185
2015,4,21,51304
2016,5,10,90040
2017,7,15,170140
2018,7,13,196559
2015,1,10,64226
2018,4,12,121010
2020,7,15,286257
2020,7,9,119693
2018,2,10,95842
2017,7,18,132935
2021,4,0,888
2017,1,18,145822
2019,2,18,312172
2017,7,16,164496
2017,3,14,109867
2017,2,8,214115
2019,3,9,225287
2019,1,16,205607
2020,4,18,281702
2020,3,18,292033
2016,4,11,83993
2015,6,10,63658
2021,3,18,12336
2020,6,21,82951
2020,5,13,154200
2021,7,10,10232
2016,3,17,228755
2016,2,7,103546
2018,1,10,116917
2016,5,15,109491
2020,1,22,54245
2020,7,12,238749
2021,1,22,2257
2017,3,9,176871
2018,2,19,183776
2020,5,7,116326
2017,7,9,93167
2017,1,11,139736
2021,2,13,11112
2017,3,20,110605
2021,6,7,7124
2021,4,11,7782
2017,5,20,118759
2018,4,16,177229
2017,3,10,98064
2019,5,18,298078
2016,5,7,128949
2016,6,18,176448
2018,3,21,90509
2020,6,6,54314
2017,4,11,98162
2021,1,17,9466
2017,2,9,149909
2015,2,8,135414
2018,3,20,128836
2017,7,13,168006
2020,4,9,147647
2019,1,6,12951
2021,5,18,13407
2020,6,18,249255
2016,3,13,94428
2017,6,21,61768
2020,1,23,35700
2017,4,8,268601
2018,1,15,171279
2018,1,11,142742
2019,3,14,146301
2019,7,13,236478
2020,5,8,170469
2016,3,11,76298
2019,6,14,176473
2016,1,11,109979
2020,4,16,215001
2021,7,16,16696
2020,3,14,164932
2017,1,13,169152
2021,6,1,1054
2021,4,19,9161
2016,4,15,109564
2016,6,10,87571
2016,7,8,45759
2016,4,14,102287
2018,1,16,173851
2017,6,7,122411
2019,4,23,43472
2018,3,15,130344
2020,4,15,187757
2015,1,15,103405
2018,6,8,239376
2021,5,14,11151
2018,2,14,126396
2016,6,9,144915
2017,1,19,114923
2021,5,13,10479
2017,1,20,84129
2020,3,19,214970
2019,5,7,170493
2018,3,22,62763
2019,3,13,139944
2018,3,7,165019
2016,2,16,133594
2021,6,18,12292
2020,6,10,108132
2018,3,12,116092
2018,3,18,279746
2018,4,15,140529
2017,1,8,45294
2017,4,20,125656
2018,5,10,111321
2021,5,1,523
2018,6,14,148861
2019,4,6,92990
2018,2,21,80480
2020,3,23,38827
2017,2,7,126092
2019,3,12,134175
2019,6,12,155416
2019,1,23,34248
2019,3,21,100716
2017,6,18,207325
2017,6,12,120157
2019,3,18,333018
2019,7,5,7121
2020,7,11,203270
2020,5,1,11689
2020,1,20,112866
2016,6,6,50320
2020,4,22,64007
2019,2,23,35592
2019,4,21,98004
2016,2,20,94351
2019,6,22,70775
2019,7,22,72005
2019,1,17,190622
2018,4,20,125505
2019,7,20,113826
2018,6,19,152323
2019,4,7,194416
2020,6,23,57113
2020,6,12,145476
2020,7,19,177684
2019,7,11,204390
2020,6,17,268973
2019,5,10,122437
2020,1,18,210781
2019,7,15,238119
2019,1,12,194454
2016,4,19,156953
2021,5,19,9534
2020,3,13,151754
2018,1,9,79529
2020,7,1,25786
2020,2,20,126618
2018,4,11,104353
2020,2,11,113600
2021,2,18,11854
2019,7,9,127403
2019,5,15,159844
2020,2,9,126233
2018,7,22,52471
2019,7,1,25008
2020,6,0,25666
2019,6,20,124206
2019,6,0,26545
2019,1,18,167748
2020,4,0,22003
2020,7,0,39820
2019,3,7,177668
2016,5,9,161013
2016,7,14,145281
2018,7,15,194374
2020,6,22,68009
2020,4,21,86849
2019,1,11,170547
2018,6,15,158952
2018,6,9,183344
2020,2,0,19998
2019,7,21,85386
2020,5,2,6744
2020,2,23,33162
2014,7,16,81574
2014,1,2,7598
2014,1,14,88625
2013,1,7,6237
2014,3,10,49061
2014,7,17,73320
2014,3,9,89143
2014,3,15,61200
2014,3,16,79312
2014,5,12,53765
2013,1,21,23693
2013,2,18,84179
2014,6,9,87480
2014,3,17,132316
2013,7,8,18116
2013,4,11,32506
2013,4,17,87879
2013,5,16,51613
2013,7,15,69993
2013,1,16,63777
2014,1,10,53057
2013,7,10,41868
2013,2,12,35565
2013,1,17,60233
2013,1,22,18130
2014,4,11,44720
2014,6,23,20659
2013,3,16,53488
2013,3,17,87236
2013,6,0,9366
2014,3,18,132033
2014,4,0,9280
2014,5,19,88521
2013,2,0,6215
2013,6,22,20911
2014,5,11,43364
2014,2,13,59244
2013,7,21,25229
2014,5,18,128429
2014,4,22,28997
2013,5,18,80884
2014,6,18,104163
2014,7,9,42387
2013,7,7,8689
2013,3,8,75791
2013,6,17,82033
2014,2,19,90865
2013,5,5,4335
2013,1,10,37209
2014,1,21,31332
2014,2,8,105819
2014,2,9,80905
2013,6,10,31518
2013,7,17,63255
2013,2,7,36842
2013,7,3,3691
2014,7,19,54217
2014,4,6,33946
2013,3,22,22398
2013,4,15,42508
2013,4,9,59133
2013,1,23,11728
2014,7,8,25463
2014,3,13,56974
2014,1,20,43873
2013,7,0,12733
2014,4,18,125030
2014,3,1,4091
2013,2,23,12351
2014,1,22,24891
2014,3,22,29448
2014,3,7,72620
2013,5,6,18924
2014,6,2,3337
2014,1,19,59305
2013,3,21,31101
2014,7,2,6792
2013,5,14,37270
2014,3,0,8600
2014,4,5,8170
2013,1,8,13780
2014,6,7,60743
2014,3,5,8400
2014,5,6,29075
2013,3,6,20724
2014,5,0,9539
2013,5,8,74181
2014,3,23,17976
2014,3,8,120902
2014,3,4,1933
2013,3,2,1561
2013,6,5,3955
2014,2,2,2184
2014,7,5,2223
2013,3,5,4830
2014,1,3,4806
2013,4,6,20237
2013,7,4,2294
2014,3,3,1225
2013,5,3,1191
2013,7,5,1660
2013,2,5,4225
2014,4,4,1921
2015,2,10,56200
2016,1,0,25243
2016,4,1,6614
2015,4,10,63953
2015,1,18,84450
2015,7,21,34067
2015,1,0,18738
2015,5,1,6051
2015,5,15,80364
2016,3,19,154557
2015,5,11,60372
2015,1,12,95177
2015,1,19,67486
2015,3,0,10017
2015,7,13,100736
2016,6,2,5520
2016,6,22,42643
2015,6,17,149561
2015,6,20,55598
2015,1,7,11054
2016,1,19,87077
2015,6,1,7583
2015,3,10,59127
2015,2,9,99572
2016,7,22,39808
2015,6,22,32244
2015,2,13,68122
2015,5,22,37293
2015,5,9,115525
2015,4,16,97820
2015,3,23,21280
2015,2,18,163981
2016,2,9,128295
2016,7,2,10022
2015,5,6,42590
2015,6,5,8643
2015,5,20,67807
2015,3,2,2338
2017,3,1,6477
2017,1,2,12948
2017,3,21,77889
2016,4,22,51087
2016,1,23,22433
2017,6,19,139163
2016,3,10,81287
2015,7,5,2725
2017,5,23,38796
2017,1,1,20955
2016,3,22,48617
2016,1,6,7043
2015,3,4,2047
2015,6,2,4033
2015,5,2,3212
2017,5,3,2412
2017,5,1,8218
2015,7,6,6536
2017,6,22,50047
2016,6,5,13226
2016,3,2,2909
2015,4,3,1689
2016,4,6,63533
2015,4,5,10441
2016,5,2,3937
2017,3,16,149671
2017,6,1,10409
2016,7,4,4177
2017,7,8,56520
2017,4,23,36860
2017,4,4,3549
2017,2,5,16050
2017,4,5,20536
2017,6,5,16491
2016,3,3,1700
2016,2,4,2792
2017,4,1,7517
2017,7,5,4399
2017,1,5,3987
2016,5,4,3091
2017,2,3,2190
2016,4,3,2068
2020,3,22,60633
2021,3,8,11804
2021,7,15,18803
2018,3,23,35932
2018,7,17,173350
2021,2,3,233
2018,5,6,73139
2020,5,6,59796
2018,5,1,9007
2021,1,15,14412
2019,3,6,88749
2021,4,14,10688
2021,5,3,242
2020,4,2,6796
2021,1,10,7675
2021,6,9,8853
2021,3,3,289
2021,5,6,4353
2020,3,2,5876
2021,3,2,326
2021,3,0,873
2021,3,5,1504
2021,6,11,8910
2021,5,2,323
2020,5,5,18071
2021,7,23,2537
2018,3,14,121773
2018,1,23,28518
2018,1,21,60920
2020,6,9,124006
2021,3,20,5438
2021,2,10,7036
2018,7,10,135970
2018,6,3,3726
2020,4,23,42607
2018,7,21,63266
2018,7,23,43363
2018,6,0,23013
2021,7,12,16683
2021,7,2,458
2021,7,21,3618
2019,4,4,6358
2018,5,4,4418
2018,7,6,14909
2018,2,1,8046
2018,4,5,22255
2021,2,16,13478
2021,3,12,8149
2021,5,10,7449
2021,5,20,5845
2021,4,16,13033
2018,2,0,15200
2021,2,19,8410
2021,6,21,2859
2021,1,1,1264
2019,2,5,23462
2021,5,17,14888
2021,4,5,1408
2021,5,11,7842
2021,3,16,12192
2021,4,10,7411
2018,7,3,7661
2021,6,20,5088
2018,2,3,3028
2018,6,1,11986
2021,4,15,11559
2019,7,4,7216
2021,1,23,1483
2020,2,5,16941
2021,6,3,514
2021,5,0,967
2021,1,21,2747
2019,2,4,5574
2021,1,9,5616
2018,1,4,5166
2018,4,2,4619
2021,5,22,2731
2021,4,4,374
2019,3,3,3447
2019,5,5,24467
2020,7,5,7961
2018,7,4,5301
2019,5,4,6011
2018,5,3,2917
2021,4,3,215
2021,7,4,239
2016,4,12,94494
2015,4,15,78489
2016,2,17,214610
2017,5,17,268543
2016,5,21,70701
2018,7,9,103758
2014,6,14,70819
2020,6,8,146175
2018,6,12,130856
2020,5,12,144161
2016,4,9,166795
2020,2,18,256756
2016,2,18,215735
2016,2,11,73457
2018,3,17,276970
2020,3,11,119405
2020,1,13,256766
2015,7,9,51299
2015,4,17,161820
2016,6,14,121244
2015,5,17,153101
2017,2,10,87097
2015,6,18,125610
2018,5,16,177069
2016,1,16,138602
2019,1,0,42125
2017,2,16,155518
2020,7,14,279295
2019,3,22,71515
2018,6,16,199236
2014,4,13,56371
2015,7,10,70577
2018,1,12,159729
2014,2,11,45781
2013,6,7,36696
2014,4,7,66469
2016,3,9,148216
2016,4,13,97265
2015,4,7,90978
2016,6,21,53810
2015,3,8,150752
2015,6,16,117922
2015,3,19,106755
2016,4,7,134149
2016,6,20,77485
2017,5,19,178355
2020,5,21,82443
2017,4,15,136069
2019,2,11,109181
2015,2,19,108393
2016,7,15,144829
2020,5,17,273770
2017,5,6,68571
2016,1,10,86912
2020,2,10,102899
2018,4,18,278658
2017,2,12,102228
2020,2,7,106031
2015,2,11,55118
2017,1,17,159346
2017,1,16,169281
2021,1,18,7138
2021,6,2,704
2017,3,11,91927
2020,6,19,190320
2017,2,15,124524
2016,2,19,145633
2020,5,16,210431
2017,3,8,255726
2014,1,9,34805
2019,4,18,302454
2017,2,19,170365
2017,6,11,99915
2016,5,8,226656
2019,6,15,194035
2015,6,9,107512
2021,7,14,18985
2018,2,11,95791
2017,5,10,102304
2020,1,15,276634
2021,4,23,1637
2020,4,17,285078
2020,1,0,42403
2017,6,10,100297
2021,3,7,8372
2016,5,19,151286
2018,4,17,286111
2019,7,14,238719
2019,6,13,160898
2018,5,0,19228
2017,3,19,166988
2017,2,20,111103
2018,2,8,232827
2018,5,9,197616
2020,1,19,160829
2016,2,22,42639
2015,6,21,39426
2016,2,5,12675
2018,5,20,126358
2020,7,17,257771
2021,3,10,7332
2020,6,16,230146
2016,3,8,213784
2017,6,14,139721
2017,6,20,89667
2018,1,17,161023
2020,5,15,183069
2020,1,11,193187
2017,2,14,116125
2016,4,10,90750
2020,4,7,129533
2017,4,21,86134
2021,1,12,13229
2016,7,19,87283
2018,1,14,169548
2016,3,18,230720
2016,3,16,135020
2016,1,15,141043
2017,3,23,32176
2017,6,8,221361
2018,2,17,275705
2020,6,7,100253
2018,6,10,111915
2021,7,1,877
2016,6,11,88924
2016,7,10,102705
2019,2,13,136699
2017,6,13,129970
2019,1,19,136260
2019,3,10,125123
2019,6,17,316302
2020,2,17,259546
2017,4,12,115645
2017,7,20,76943
2019,2,7,161083
2017,7,12,164495
2019,7,18,192620
2016,5,12,97522
2018,3,6,80202
2020,2,13,147427
2020,7,21,88046
2020,7,20,127178
2018,2,13,121503
2016,3,12,88018
2019,2,17,320612
2017,4,6,74469
2019,2,20,139986
2017,3,13,106697
2019,4,13,145911
2016,7,18,110572
2017,7,19,107087
2020,6,1,13633
2017,7,21,58171
2018,7,18,148859
2019,1,15,205968
2019,5,22,73585
2018,2,7,138430
2017,5,5,18291
2018,5,11,104575
2018,7,20,83318
2019,7,0,39356
2019,5,23,49292
2018,1,18,144899
2020,2,12,135100
2018,6,23,45795
2019,4,11,123782
2018,5,22,66848
2020,5,11,118214
2019,4,12,143598
2019,3,1,9023
2021,6,14,13180
2018,4,6,75321
2019,6,11,133817
2019,6,16,237369
2019,5,17,307423
2019,1,10,142172
2019,7,17,215222
2018,4,9,194027
2021,4,17,14348
2017,6,23,39534
2016,6,15,130711
2018,2,15,135304
2018,1,13,170126
2018,5,21,88601
2017,2,18,251341
2020,4,6,67148
2019,2,19,208934
2019,7,10,169587
2018,6,11,110317
2020,7,10,163555
2018,5,14,129788
2017,3,6,72977
2020,1,21,74712
2018,2,5,19353
2020,2,19,192919
2020,7,8,78261
2019,1,13,200961
2017,7,6,11884
2020,4,19,206108
2021,4,21,3415
2020,2,2,6400
2016,7,20,62889
2019,2,22,63769
2021,3,9,9291
2019,7,16,231869
2020,3,8,187565
2017,7,22,49365
2019,5,6,80199
2019,5,0,21834
2019,2,10,115891
2019,5,8,287853
2018,1,8,47117
2016,1,22,34362
2019,5,14,150435
2020,3,21,85902
2020,5,23,45350
2020,3,10,114874
2017,7,2,11018
2019,6,19,185926
2016,6,19,117937
2018,2,20,121547
2014,2,21,39464
2014,7,14,84983
2014,6,11,51727
2014,2,12,56448
2014,5,14,58719
2014,2,14,61925
2013,1,14,61505
2013,2,9,50960
2014,7,11,70785
2013,7,22,22256
2013,6,16,63724
2014,1,16,87778
2013,5,9,55139
2013,6,18,72978
2013,7,13,65190
2013,2,16,50352
2014,6,15,75767
2014,7,15,85438
2014,7,18,65569
2013,4,7,43672
2013,4,13,41236
2013,5,23,15928
2014,1,8,19098
2013,2,20,41899
2013,3,9,56688
2013,6,13,46791
2013,6,20,34322
2013,7,19,46366
2014,6,22,25774
2014,4,19,86119
2014,6,13,66786
2014,1,7,8886
2014,1,12,80523
2013,1,19,43375
2013,3,18,90405
2013,2,13,38117
2013,7,16,68101
2013,7,11,52747
2014,6,10,51290
2014,3,19,89090
2014,2,16,83633
2013,6,15,51565
2013,2,10,29037
2014,7,0,15601
2014,4,9,88455
2013,2,22,19864
2013,1,15,61561
2013,3,11,30740
2013,5,2,2179
2013,1,20,32728
2013,1,6,2869
2014,3,6,35993
2014,3,20,59678
2013,1,4,2701
2014,4,20,56060
2013,2,17,82818
2013,4,12,40189
2013,4,21,32737
2013,1,0,14392
2013,6,8,67085
2014,5,10,45444
2013,5,21,27595
2013,4,10,33076
2013,2,14,37882
2013,6,12,42126
2014,5,8,107352
2014,2,17,134162
2014,4,8,116497
2014,4,17,124574
2013,5,10,31763
2013,5,11,30163
2014,1,23,15687
2013,5,7,40290
2014,5,9,83437
2013,4,1,3409
2013,4,22,24966
2014,2,20,59755
2014,1,0,16283
2013,1,2,6973
2014,5,23,21217
2014,7,22,25152
2013,1,1,10321
2014,4,23,18991
2013,2,6,17258
2014,4,2,2458
2013,7,2,5905
2013,6,6,16189
2014,2,4,1740
2013,7,6,3636
2014,7,7,11790
2014,6,5,6989
2014,7,4,2877
2013,1,5,1588
2014,6,3,1986
2014,5,2,2311
2013,3,4,1140
2013,4,3,1103
2013,5,4,1270
2013,3,3,836
2016,4,21,72361
2015,6,11,63471
2015,3,6,42859
2016,1,14,139218
2015,5,19,103217
2015,7,16,96067
2015,7,19,63975
2015,1,8,23577
2015,1,17,94591
2015,4,23,23806
2015,5,21,47682
2015,7,14,98684
2015,4,20,72390
2016,1,21,44909
2015,5,10,64639
2015,2,14,71345
2016,2,10,75014
2015,4,0,11191
2015,7,2,8084
2015,1,6,4839
2016,7,17,127699
2015,1,5,2412
2015,3,22,35668
2015,1,22,26299
2015,1,23,17301
2015,6,13,81554
2016,3,7,124705
2016,6,23,34028
2015,6,6,35384
2015,2,3,1489
2015,1,1,13600
2015,1,2,8519
2016,5,22,52925
2016,2,1,5733
2015,4,6,44096
2016,2,23,24200
2015,3,5,10421
2015,5,7,87838
2016,5,5,15023
2015,7,0,18618
2017,7,4,4517
2016,1,8,33316
2017,7,23,39963
2016,4,23,32381
2017,4,9,188494
2016,2,0,12213
2016,5,0,16601
2017,5,15,132301
2016,1,1,17180
2015,2,6,37600
2016,1,7,16120
2016,3,0,12185
2017,3,0,14144
2017,2,0,14618
2015,6,4,2277
2017,1,0,29255
2015,3,3,1341
2017,3,2,3139
2016,2,3,1868
2017,2,22,50368
2016,7,5,3862
2014,4,3,1490
2017,6,2,5385
2017,6,4,3617
2016,3,5,15231
2016,3,4,2973
2017,2,2,3722
2017,4,3,2167
2017,7,1,17409
2015,6,3,2318
2017,2,4,3417
2017,7,3,6994
2017,5,2,4167
2017,3,5,19736
2017,5,4,3485
2017,1,4,4994
2017,3,4,3428
2018,3,10,104686
2018,2,16,169448
2021,4,20,5526
2020,1,8,60611
2021,4,18,12840
2020,2,14,159938
2020,2,4,4804
2021,3,21,3262
2021,2,20,5326
2021,6,10,8150
2021,5,5,1338
2021,1,4,352
2020,5,4,5118
2021,5,4,383
2021,7,11,13522
2021,3,1,482
2020,5,3,4298
2020,7,3,8835
2021,3,6,4515
2020,3,3,3851
2020,6,4,5491
2020,1,2,16090
2019,5,21,94176
2021,3,15,10421
2018,7,1,20611
2018,1,22,44694
2020,7,7,45596
2018,6,21,71803
2018,7,8,63768
2018,2,6,65658
2020,1,3,9771
2020,3,4,5290
2021,5,16,13914
2021,7,8,4349
2020,2,6,56969
2018,2,22,54133
2018,1,3,8455
2018,6,6,63559
2018,1,0,31049
2021,2,14,11926
2019,6,23,56215
2021,3,17,13402
2019,4,0,19833
2018,1,2,13038
2018,3,3,2602
2019,2,2,5397
2021,2,11,8367
2021,5,12,9153
2021,5,8,11405
2019,6,3,4974
2018,3,0,15304
2021,3,22,2472
2021,7,17,12441
2021,1,20,3725
2018,1,1,20166
2018,1,6,10045
2021,3,11,7445
2021,2,9,8143
2021,2,21,3166
2021,3,19,8699
2021,4,9,9205
2019,5,1,10486
2021,1,19,5268
2021,6,0,1510
2018,4,3,2739
2019,3,0,17956
2019,3,23,41106
2019,5,2,5965
2018,4,1,8540
2020,1,5,6961
2021,2,7,6393
2019,1,3,11596
2021,3,14,9608
2021,4,6,4507
2019,2,0,17685
2021,7,20,5282
2019,7,7,41800
2019,6,1,13555
2019,7,2,16370
2018,3,1,7497
2021,1,3,495
2021,1,8,3637
2021,4,7,7696
2018,6,4,4452
2021,1,2,721
2019,4,3,3662
2019,1,4,7273
2019,3,4,6179
2019,2,3,3608
2019,4,1,9906
2018,2,4,4348
2018,3,2,4033
2021,1,5,415
2018,3,4,4594
2018,6,5,18322
2021,6,4,470
2021,7,3,335
2018,4,4,4484
2018,1,5,4261
2019,5,3,3854
2021,2,2,291
2019,4,2,5574
2021,7,6,1255
2021,6,5,1268
2014,5,4,1671
2014,6,16,94635
2015,4,18,165900
2015,3,7,87924
2015,5,12,70530
2016,3,14,97792
2017,3,17,257713
2015,2,15,76653
2015,3,20,71268
2016,4,17,231882
2016,2,8,180902
2015,4,13,71876
2017,4,10,105556
2018,2,9,162793
2018,3,9,190810
2014,4,10,48137
2015,5,8,155430
2019,6,8,280213
2016,4,8,236564
2017,5,16,166415
2015,3,17,159162
2016,2,14,99024
2017,7,10,125881
2016,7,13,145114
2018,6,17,258496
2017,7,17,152166
2016,3,21,69876
2014,2,7,60875
2015,5,13,72636
2016,5,16,139660
2014,1,15,88016
2017,5,18,267017
2013,5,15,40349
2020,4,14,168806
2020,7,13,264249
2015,3,18,158118
2014,5,15,64166
2014,3,12,55339
2015,3,16,96233
2014,4,16,78732
2018,7,14,194625
2016,4,16,142248
2017,5,13,119110
2016,1,13,134338
2019,5,12,136723
2020,3,17,289225
2017,1,10,113318
2016,5,6,59616
2016,5,11,85107
2016,2,15,106232
2017,5,21,83571
2020,3,15,183480
2020,6,14,177709
2016,5,23,35557
2018,3,8,280346
2019,4,9,233840
2020,2,16,204083
2013,2,11,28726
2017,2,21,73822
2017,4,18,282201
2015,2,16,97365
2016,1,18,111301
2016,6,7,107724
2020,3,9,145056
2017,4,17,280811
2016,2,13,94001
2020,7,16,278757
2015,2,21,46892
2017,3,7,151058
2017,6,9,168124
2017,2,17,251604
2015,3,12,63518
2016,3,15,104530
2020,1,7,34960
2017,1,21,59516
2020,1,14,270762
2017,3,15,116537
2013,2,15,40033
2017,5,9,178047
2018,3,16,167965
2017,3,22,56629
2017,5,11,97986
2018,4,14,128700
2017,2,13,108945
2016,6,16,161304
2019,6,10,134154
2018,4,19,186394
2021,1,14,15305
2018,5,8,274816
2019,6,9,217804
2015,3,11,54642
2018,5,12,123823
2020,5,14,166337
2020,4,20,133775
2017,1,9,77787
2017,5,12,115272
2019,3,17,338387
2020,5,9,136121
2021,5,7,7936
2016,4,18,234592
2019,1,14,202807
2020,4,10,116950
2017,4,7,155930
2017,7,11,152894
2016,7,23,34190
2018,7,19,117568
2018,7,11,167892
2018,5,18,275078
2017,2,11,86145
2017,1,23,28230
2016,5,13,101233
2019,1,8,57785
2016,5,17,226471
2016,7,9,75427
2020,1,10,148232
2018,5,17,275450
2021,7,13,18438
2019,5,16,193303
2019,4,15,158559
2016,1,17,127972
2017,4,14,126692
2018,6,20,102186
2016,5,18,223939
2017,7,14,167156
2019,4,20,138447
2018,5,7,154504
2017,6,16,185373
2018,1,20,82460
2020,6,11,120073
2016,7,11,125507
2020,3,16,216814
2019,2,8,271811
2017,4,0,15971
2019,4,16,193203
2019,4,8,333304
2018,6,7,135052
2020,7,18,222992
2020,6,20,121751
2018,3,13,120355
2021,1,0,1841
2020,6,13,162008
2020,4,11,128198
2020,5,18,271220
2020,3,7,127549
2017,7,0,27801
2018,7,16,188000
2020,4,13,158784
2019,3,19,219148
2020,4,8,188569
2020,5,10,108407
2016,7,16,138652
2020,6,15,199154
2019,6,7,159367
2018,4,8,274424
2019,4,19,205552
2020,2,15,179339
2020,2,22,52815
2018,4,0,17808
2020,2,8,155585
2017,6,15,152092
2016,6,17,208111
2016,6,12,102418
2021,4,8,11245
2019,3,11,119301
2016,2,12,88457
2019,2,15,151859
2017,5,7,145515
2017,4,13,121276
2018,5,19,186013
2018,7,7,33885
2019,2,1,9383
2018,7,12,190438
2018,5,13,126791
2017,1,15,171352
2020,3,20,136647
2020,1,12,231919
2019,1,20,101924
2018,2,18,275587
2018,4,22,65915
2019,7,19,158412
2018,6,18,223187
2017,7,7,28080
2019,5,19,200344
2019,4,22,71671
2020,3,0,18608
2020,1,9,99840
2019,6,4,6286
2017,3,18,259289
2019,2,9,195560
2019,7,6,18032
2017,4,22,62259
2019,4,17,313914
2017,5,14,123837
2021,5,15,12526
2020,7,4,6075
2017,5,8,252063
2020,7,23,60403
2018,6,22,57943
2017,2,23,28412
2019,3,8,316071
2020,3,1,9903
2019,5,11,117266
2020,1,6,17352
2019,6,18,271608
2020,4,3,4523
2017,4,16,172353
2019,3,16,203022
2018,4,7,157540
2017,5,22,61936
2019,2,12,130207
2020,5,0,22920
2019,2,14,139849
2019,4,14,150166
2019,5,13,143096
2020,5,22,63593
2019,7,23,58214
2019,1,21,72875
2018,1,19,116172
2020,4,12,149331
2019,3,20,146788
2019,7,8,79727
2019,6,21,86701
2020,5,20,124301
2020,1,17,245451
2019,2,21,94297
2020,3,12,138917
2019,1,9,98395
2021,1,13,14603
2019,4,10,129737
2019,5,20,134187
2014,2,15,66858
2013,1,13,60792
2014,7,12,79662
2013,3,15,42142
2014,1,13,86216
2014,4,12,53352
2013,7,14,67706
2013,7,18,55727
2013,7,20,33913
2013,2,21,28241
2014,1,18,74009
2013,5,19,56432
2013,5,20,38441
2013,7,12,61360
2014,5,20,58057
2014,6,19,69814
2014,6,20,44022
2013,3,14,39617
2013,5,12,38629
2013,5,17,81627
2013,6,3,1546
2013,6,11,33344
2013,1,9,25110
2014,7,20,39254
2013,3,13,41111
2013,4,20,44815
2013,6,14,47571
2013,3,20,42998
2014,7,23,20812
2013,1,11,48209
2013,3,19,64463
2013,1,18,53310
2013,2,2,1669
2013,7,9,30239
2013,1,12,57701
2013,2,8,65075
2014,5,22,31051
2013,7,1,8420
2013,6,23,17256
2013,2,19,61736
2014,3,11,46210
2014,5,21,40474
2013,2,1,3046
2013,3,10,31796
2014,1,17,80934
2014,7,10,56611
2014,2,6,30231
2014,1,1,11217
2014,2,0,8014
2014,3,14,57266
2014,4,15,62988
2014,6,4,2172
2014,3,2,2226
2013,4,23,16150
2013,5,0,8356
2014,2,18,132797
2014,1,6,4216
2013,3,23,14010
2013,4,18,89075
2014,7,13,84521
2014,2,23,16736
2013,3,0,6504
2013,4,2,1782
2013,4,19,63723
2013,5,22,23002
2013,6,21,25231
2014,4,21,38796
2014,7,6,5361
2013,2,3,984
2013,3,1,2981
2013,4,14,39470
2013,6,19,51156
2014,6,21,31177
2013,4,8,78521
2013,4,16,53889
2013,5,13,37191
2014,2,10,46164
2013,1,3,4207
2013,2,4,1167
2014,2,22,28066
2014,1,4,3272
2014,7,3,4358
2013,6,9,53868
2014,7,21,28953
2014,5,13,56895
2014,6,6,29013
2013,6,4,1397
2013,3,7,43435
2013,6,2,2883
2013,7,23,18075
2013,6,1,4988
2013,5,1,4173
2014,5,5,6934
2014,2,1,3835
2013,4,0,7384
2014,6,8,111288
2013,4,5,4546
2014,6,0,11946
2014,5,7,59595
2014,1,5,2122
2014,4,1,4482
2014,7,1,10338
2014,5,1,4546
2014,6,1,6241
2013,4,4,1144
2014,5,3,1346
2014,2,5,7158
2015,7,18,77838
2015,2,12,64806
2015,5,18,150815
2015,5,16,98111
2015,7,12,97891
2015,7,15,100030
2015,7,20,44335
2015,7,22,30026
2015,7,11,88105
2015,7,17,88323
2015,1,20,48059
2015,3,21,49264
2015,1,13,101251
2015,5,14,74967
2015,1,14,103143
2015,1,16,102644
2015,4,8,162314
2015,4,19,112164
2015,2,20,70037
2015,3,14,67892
2015,5,23,25659
2015,6,23,26092
2015,6,15,96568
2015,2,2,2457
2015,5,5,10149
2015,7,23,24872
2015,1,9,43415
2015,6,19,86174
2015,3,13,65818
2015,7,8,30560
2015,1,21,35335
2015,3,9,107900
2015,4,14,75072
2015,6,8,138410
2015,3,15,73091
2015,6,0,14494
2016,5,14,102825
2016,5,20,100381
2015,2,4,2095
2015,2,22,32146
2015,2,1,4572
2016,6,0,19810
2017,4,19,190964
2017,1,14,171691
2016,7,0,24353
2016,7,7,23464
2015,2,23,19121
2015,2,0,9460
2015,7,3,5123
2017,5,0,18469
2017,1,22,44787
2016,3,20,100982
2015,4,1,5223
2016,1,3,7265
2015,2,5,9137
2016,7,1,15086
2015,7,7,15299
2015,3,1,4682
2015,7,4,3320
2016,3,6,59172
2015,5,0,12539
2017,1,3,8230
2016,4,0,14107
2017,6,6,60149
2015,7,1,11953
2016,4,20,104009
2015,1,4,3574
2016,3,23,28704
2015,4,2,2628
2016,7,3,6514
2015,1,3,5591
2016,5,3,2255
2016,6,3,3279
2016,4,5,15992
2017,2,6,60150
2015,5,3,1858
2015,5,4,2329
2016,5,1,7632
2016,3,1,5350
2017,2,1,7092
2016,6,4,3448
2016,7,6,10308
2017,6,0,21593
2016,4,2,3209
2016,1,5,3213
2016,2,6,49057
2017,6,3,3009
2017,1,7,21933
2017,3,3,1954
2016,6,1,9648
2016,2,2,2948
2016,1,4,4521
2016,1,2,10963
2016,4,4,3212
2015,4,4,2321
2017,1,6,9640
2017,4,2,3816
2018,2,23,30773
2019,1,22,54100
2021,6,12,10714
2018,4,23,39875
2018,7,0,31927
2018,2,12,114616
2020,6,5,17057
2019,1,5,6046
2021,4,22,2687
2018,4,21,88151
2020,2,21,76317
2021,6,15,13704
2020,7,22,71845
2021,4,13,10287
2020,3,5,19400
2020,4,5,19899
2021,1,11,10679
2021,3,4,430
2020,4,1,11574
2020,1,4,6372
2020,7,2,15202
2021,1,6,1205
2020,2,1,10686
2020,6,3,4811
2020,4,4,5459
2018,1,7,23336
2021,4,12,9003
2018,5,23,43704
2018,4,13,124095
2018,4,10,109414
2019,6,6,74656
2021,6,16,14477
2019,4,5,28352
2020,7,6,21851
2021,2,12,9927
2019,2,6,75470
2021,2,15,12757
2019,3,5,27874
2018,3,19,189030
2018,5,5,20304
2020,2,3,4065
2021,2,22,2471
2021,7,9,7180
2020,1,1,28282
2020,3,6,67373
2021,2,8,9407
2021,6,8,10207
2021,6,17,14415
2021,2,17,13757
2021,6,19,8780
2021,6,22,2196
2019,1,2,17709
2018,3,5,23049
2021,6,6,4116
2021,7,19,7395
2021,7,22,3181
2021,6,13,11767
2021,7,18,9850
2021,2,23,1511
2018,6,2,6331
2021,7,7,2424
2021,7,0,1319
2021,3,13,8724
2021,5,21,3620
2018,2,2,4781
2021,1,16,12321
2021,2,6,3496
2021,6,23,1687
2021,5,9,9205
2018,7,2,12698
2019,1,1,27872
2019,1,7,28552
2020,6,2,7748
2021,2,1,445
2021,5,23,1623
2021,4,1,467
2021,3,23,1424
2018,7,5,5685
2021,2,0,750
2019,7,3,10418
2019,6,2,7964
2019,6,5,22565
2021,7,5,395
2019,3,2,5329
2018,5,2,4645
2021,4,2,302
2021,2,5,1114
2021,2,4,281