occurance,start_station_id,start_lat,start_lon
220007,267.0,40.752,-73.989
220007,267.0,40.75097711,-73.98765428
96737,282.0,40.707,-73.968
96737,282.0,40.707644944175705,-73.968415260314941
96737,282.0,40.70827295,-73.96834101
166101,320.0,40.71743998,-74.00583475
166101,320.0,40.717571,-74.005549
166101,320.0,40.719,-74.007
92078,2004.0,40.724399,-74.004704
63109,3320.0,40.793393,-73.9635556
63109,3320.0,40.794066608185517,-73.962868452072144
63109,3320.0,40.794,-73.962
23844,3610.0,40.770845,-73.934171
174727,3687.0,40.743,-73.974
174727,3687.0,40.74322681432173,-73.974497839808464
19122,3738.0,40.719383,-73.991479
28911,3782.0,40.698458,-73.997178
6292,3857.0,40.72158,-73.94546
1177,3867.0,40.67945,-73.90474
1072,3957.0,40.811675,-73.917037
19680,4043.0,40.782535857724106,-73.979085087776184
456,4053.0,40.835798,-73.937496
884,4239.0,40.757334,-73.974235
42,4256.0,40.767666,-73.910963
195770,259.0,40.70122128,-74.01234218
195770,259.0,40.701,-74.013
290505,317.0,40.72453734,-73.98185424
68350,2022.0,40.75849116,-73.95920622
68350,2022.0,40.758,-73.959
68350,2022.0,40.759107,-73.959223
144106,3295.0,40.791,-73.965
144106,3295.0,40.79127,-73.964839
55529,3345.0,40.788,-73.953
55529,3345.0,40.789485415532148,-73.952429294586182
68884,3428.0,40.740983,-74.001702
44536,3462.0,40.751183874632773,-73.971387147903442
34174,3509.0,40.8011939,-73.9500739
34174,3509.0,40.8,-73.95
43604,3529.0,40.8107922,-73.9430681
20800,3605.0,40.7658346,-73.9265474
52315,3637.0,40.683238654603407,-73.965995907783508
86622,3718.0,40.727464206923919,-73.979504182934761
4536,3819.0,40.73396,-73.95204
3533,3861.0,40.70113,-73.91422
9639,3870.0,40.697481,-73.935877
599,3941.0,40.801657,-73.909513
5142,4068.0,40.852252,-73.937854
1087,4102.0,40.829608,-73.921461
3074,4225.0,40.696232971293163,-73.991420567035675
173512,330.0,40.71450451,-74.00562789
355941,334.0,40.743,-73.998
355941,334.0,40.74238787,-73.99726235
136342,342.0,40.71739973,-73.98016555
429429,359.0,40.75510267,-73.97498696
429429,359.0,40.755,-73.974
34505,384.0,40.68317813,-73.9659641
34505,384.0,40.683048,-73.964915
254135,394.0,40.72521311,-73.97768752
32319,3054.0,40.6894932,-73.942061
150128,3166.0,40.782,-73.986
150128,3166.0,40.780577990103339,-73.985624313354492
11244,3337.0,40.673635513415043,-74.011955559253693
137244,3409.0,40.6867443,-73.99063168
44667,3552.0,40.805973,-73.964928
44667,3552.0,40.806,-73.965
2496,3849.0,40.70636,-73.91945
1510,3878.0,40.69812,-73.90271
1918,4027.0,40.830663,-73.941323
25604,4045.0,40.77237,-73.99005
175,4203.0,40.824956,-73.891677
285,4206.0,40.811892,-73.904192
3,4269.0,40.754164,-73.908906
81,4312.0,40.77977,-73.923162
127525,249.0,40.71870987,-74.0090009
127525,249.0,40.719,-74.01
186299,295.0,40.71406667,-73.99293911
48216,373.0,40.69331716,-73.95381995
118639,463.0,40.74206539,-74.00443172
268187,484.0,40.75500254,-73.98014437
186293,488.0,40.75645824,-73.99372222
804,3017.0,40.751483,-73.996764
34494,3041.0,40.67890679,-73.94142771
4418,3476.0,40.725769967272143,-73.9507395029068
39417,3537.0,40.6809741,-73.9710097
12169,3607.0,40.7682,-73.9322662
10514,3760.0,40.705614,-73.92153
12419,3810.0,40.782593,-73.971211
5552,3817.0,40.71773,-73.94051
9453,3823.0,40.70099,-73.93921
1107,3933.0,40.817755,-73.92965
3262,4018.0,40.817555,-73.957163
567,4244.0,40.752149,-73.989539
69724,353.0,40.686,-73.974
69724,353.0,40.68539567,-73.97431458
441527,387.0,40.71273266,-74.0046073
276015,2003.0,40.73416059,-73.98024289
276015,2003.0,40.73381219,-73.98054421
276015,2003.0,40.733812191966322,-73.980544209480286
30137,3344.0,40.679043,-74.011169
9028,3394.0,40.6769993,-74.00647134
42867,3436.0,40.721319,-74.010065
9875,3455.0,40.686808205034318,-73.980361819267273
16816,3456.0,40.716,-73.947
16816,3456.0,40.716380319735613,-73.948212862014771
50590,3558.0,40.6794388,-73.9680438
50590,3558.0,40.68,-73.968
6999,3803.0,40.665816,-73.956934
1482,3851.0,40.71401,-73.92793
2032,3923.0,40.808484,-73.928803
3136,3935.0,40.816355,-73.954295
3687,3942.0,40.8190344,-73.956156
8005,3998.0,40.813619,-73.939336
2818,4056.0,40.839137,-73.941409
1386,4063.0,40.846052,-73.937648
16,4319.0,40.757357,-73.904726
59846,144.0,40.69839895,-73.98068914
63706,290.0,40.76020258,-73.96478473
175200,428.0,40.72467721,-73.98783413
255040,469.0,40.76344058,-73.98268129
391807,496.0,40.73726186,-73.99238967
391807,496.0,40.737,-73.992
240744,540.0,40.743115553764859,-73.982153534889221
240744,540.0,40.74147286,-73.98320928
24280,3399.0,40.672602981501257,-73.989830017089844
134409,3463.0,40.735367055605394,-73.987973928451538
134409,3463.0,40.734,-73.989
7816,3934.0,40.816234,-73.948222
2555,4065.0,40.848467,-73.936064
125312,143.0,40.69239502,-73.99337909
125312,143.0,40.692,-73.992
216047,247.0,40.73535398,-74.00483091
319040,517.0,40.75149263,-73.97798848
319040,517.0,40.751581,-73.97791
319040,517.0,40.752141,-73.979782
319040,517.0,40.752,-73.977
8061,2005.0,40.70531194,-73.97100056
29735,3287.0,40.789622,-73.97757
29735,3287.0,40.790261,-73.977131
28611,3317.0,40.6686273,-73.98700053
68460,3553.0,40.803,-73.956
68460,3553.0,40.801694,-73.957145
1958,3895.0,40.701573408737922,-73.90876293182373
6101,3899.0,40.72084,-73.94844
24423,3992.0,40.8428422,-73.9421253
1582,4057.0,40.839443,-73.937044
20910,4122.0,40.792495194951108,-73.964170664630714
5,4267.0,40.762507,-73.902534
19,4317.0,40.757764,-73.907654
9,4320.0,40.776168,-73.910485
254135,303.0,40.72362738,-73.99949601
47109,395.0,40.68807003,-73.98410637
255556,480.0,40.76669671,-73.99061728
255556,480.0,40.767,-73.992
318838,515.0,40.761,-73.995
318838,515.0,40.76009437,-73.99461843
269989,520.0,40.75992262,-73.97648516
331255,2008.0,40.70569254,-74.01677685
331255,2008.0,40.707,-74.016
15378,3073.0,40.70691254,-73.95441667
247,3257.0,40.773768670228741,-73.971169888973236
25666,3348.0,40.677236,-74.015665
45669,3355.0,40.768008893059474,-73.96845281124115
15698,3573.0,40.7580583,-73.9242751
15698,3573.0,40.758,-73.923
8197,3620.0,40.7519071,-73.9479119
4868,4017.0,40.81449,-73.936153
616,4086.0,40.840536,-73.919228
538,4105.0,40.823162,-73.923267
383,4150.0,40.836103,-73.907199
143915,398.0,40.69165183,-73.9999786
338596,447.0,40.76370739,-73.9851615
338596,447.0,40.764,-73.986
354403,483.0,40.73223272,-73.98889957
243626,539.0,40.71534825,-73.96024116
357981,545.0,40.736502,-73.97809472
357981,545.0,40.737,-73.977
69551,3109.0,40.72606,-73.95621
139147,3129.0,40.752,-73.941
139147,3129.0,40.75110165,-73.94073717
53863,3508.0,40.809725,-73.953149
26462,3541.0,40.813358,-73.956461
35295,3580.0,40.674,-73.962
35295,3580.0,40.6737236,-73.9631611
8168,3666.0,40.7664255270288,-73.920629024505615
25632,3701.0,40.708317943663957,-74.005040824413285
14471,3771.0,40.707,-73.935
14471,3771.0,40.706237,-73.933871
922,4084.0,40.835334,-73.9154
420,4140.0,40.822545,-73.901824
2686,4193.0,40.85168,-73.94186
2043,4238.0,40.762009,-73.996975
49,4316.0,40.75388,-73.914952
285363,347.0,40.728846,-74.008591
285363,347.0,40.72873888,-74.00748842
285363,347.0,40.728,-74.01
177211,348.0,40.72490985,-74.00154702
24865,372.0,40.694546087246025,-73.958013653755188
24865,372.0,40.694528,-73.958089
319428,457.0,40.76695317,-73.98169333
461644,504.0,40.731,-73.983
461644,504.0,40.73221853,-73.98165557
74797,512.0,40.7500727,-73.99839279
97553,3110.0,40.72708584,-73.95299117
97553,3110.0,40.728,-73.953
28448,3616.0,40.7656251,-73.9136695
7323,3661.0,40.666439306870814,-73.9605563879013
983,3988.0,40.805631,-73.934077
246,4107.0,40.837213,-73.908345
1796,4109.0,40.84925,-73.93022
612,4138.0,40.82696,-73.907451
741,4162.0,40.834124,-73.88955
536,4210.0,40.83196,-73.91956
1427,4222.0,40.822217,-73.928939
194,4306.0,40.773015082913822,-73.911190330982208
147080,253.0,40.73543934,-73.99453948
232623,280.0,40.73331967,-73.99510132
232623,280.0,40.734,-73.995
471569,281.0,40.7643971,-73.97371465
471569,281.0,40.764,-73.974
191416,3168.0,40.785,-73.971
191416,3168.0,40.78472675,-73.96961715
100050,3318.0,40.7839636,-73.9471673
671,3548.0,40.6777747,-73.9529322
18368,3568.0,40.7569332,-73.9262231
10419,3774.0,40.704425,-73.92836
4797,3846.0,40.69676,-73.92302
996,3875.0,40.6988,-73.9007
12414,3914.0,40.783786,-73.981687
1064,4028.0,40.830702,-73.936371
37539,4044.0,40.75461,-73.99177
491,4050.0,40.833303,-73.939326
366,4165.0,40.82809,-73.91288
291711,173.0,40.76068327096592,-73.9845272898674
291711,173.0,40.761,-73.986
291711,173.0,40.76064679,-73.98442659
186449,362.0,40.75172632,-73.98753523
186449,362.0,40.752,-73.989
24451,3069.0,40.70411791,-73.94818595
58142,3125.0,40.74708586,-73.94977234
58142,3125.0,40.746,-73.95
146768,3143.0,40.776321421822708,-73.964273929595947
146768,3143.0,40.776828634399678,-73.963887691497789
146768,3143.0,40.776,-73.965
58401,3366.0,40.8021174,-73.9681805305
15465,3589.0,40.7668,-73.9347774
46624,3593.0,40.761584,-73.925921
30042,3611.0,40.7449067,-73.9534573
29454,3623.0,40.8109494,-73.9634
187506,3711.0,40.731,-73.98
187506,3711.0,40.729667293929779,-73.980679661035538
538,4104.0,40.818212,-73.955277
31,4252.0,40.827629,-73.886659
18,4308.0,40.838315,-73.912604
166489,2010.0,40.72170005235607,-74.002381414175019
166489,2010.0,40.72165481,-74.00234737
51589,3083.0,40.71247661,-73.94100005
19606,3322.0,40.668,-73.989
19606,3322.0,40.668603,-73.9904394
6890,3395.0,40.6763744,-74.00324957
70924,3400.0,40.797,-73.947
70924,3400.0,40.7961535,-73.94782145
18083,3489.0,40.710699946313873,-74.003541469573975
32290,3788.0,40.73269,-73.98974
99081,3812.0,40.734814,-73.992085
99081,3812.0,40.734,-73.992
5505,3822.0,40.70076,-73.93641
2046,3897.0,40.70863,-73.91497
1342,4088.0,40.843965,-73.920999
439,4111.0,40.742751796489948,-73.9847157150507
49373,243.0,40.687979,-73.978474
49373,243.0,40.688226,-73.979382
49373,243.0,40.68841,-73.979458
92144,294.0,40.73049393,-73.9957214
124652,367.0,40.75828065,-73.97069431
402565,442.0,40.746647,-73.993915
254201,500.0,40.761,-73.983
254201,500.0,40.76228826,-73.98336183
71488,3085.0,40.71469,-73.95739
44784,3254.0,40.69231660719192,-74.014865756034851
58738,3335.0,40.6772744,-73.98282002
8246,3353.0,40.6747844,-74.01612847
42394,3396.0,40.6783563,-74.00014502
14985,3561.0,40.7531106,-73.9279917
11455,3577.0,40.7628138,-73.9342862
1,3633.0,0.0,0.0
20360,3714.0,40.706842031013252,-73.9544353965357
5277,3844.0,40.69943,-73.91337
5012,4002.0,40.820877,-73.939249
137,4091.0,40.829797,-73.931015
79,4183.0,40.839229,-73.899047
37,4250.0,40.818725699901158,-73.888624906539917
226703,254.0,40.73532427,-73.99800419
106574,258.0,40.68940747,-73.96885458
212819,309.0,40.7149787,-74.013012
271573,325.0,40.73624527,-73.98473765
119557,341.0,40.71782143,-73.97628939
33460,409.0,40.6906495,-73.95643107
179917,511.0,40.72938685,-73.97772429
100750,3172.0,40.7785669,-73.97754961
916,3229.0,40.680617684554512,-73.946249485015869
48680,3319.0,40.666287,-73.98895053
48680,3319.0,40.665,-73.989
95901,3660.0,40.741021509002657,-74.001384973526
5742,3831.0,40.68663,-73.9168
8825,3911.0,40.683426,-73.984275
6484,3928.0,40.813539,-73.94521
4182,3932.0,40.816576,-73.927987
1743,3955.0,40.808891,-73.91081
3154,3973.0,40.827212,-73.942722
374,4031.0,40.81989,-73.908351
1752,4079.0,40.828847,-73.91769
13,4260.0,40.769673,-73.906018
204495,217.0,40.70277159,-73.99383605
438030,229.0,40.72743423,-73.99379025
219516,440.0,40.75255434,-73.97282625
219516,440.0,40.752,-73.974
190658,489.0,40.75066386,-74.00176802
321106,531.0,40.71893904,-73.99266288
73673,3328.0,40.795,-73.9645
73673,3328.0,40.794,-73.965
3277,3769.0,40.707174,-73.93581
736,4078.0,40.823732,-73.919379
229,4180.0,40.830025,-73.886312
10,4273.0,40.769219,-73.901001
178066,415.0,40.7047177,-74.00926027
37323,443.0,40.70853074,-73.96408963
71379,3312.0,40.782,-73.947
71379,3312.0,40.7817212,-73.94594
87496,3418.0,40.6750207,-73.97111473
17288,3499.0,40.8006721,-73.9349
21333,3545.0,40.8120562,-73.9612547
14598,3582.0,40.6721683,-73.9609
12827,3608.0,40.7423737,-73.9566
792,4201.0,40.83999,-73.90549
64730,120.0,40.68676793,-73.95928168
2618,3133.0,40.767342591432168,-73.9648586511612
2618,3133.0,40.76735637,-73.96493528
176900,3147.0,40.779,-73.953
176900,3147.0,40.77801203,-73.95407149
22470,3179.0,40.698617,-73.941342
53338,3373.0,40.6750705,-73.98775226
18867,3528.0,40.7713937,-73.9077436
41737,3539.0,40.806,-73.962
41737,3539.0,40.8067581,-73.9607082
12752,3566.0,40.7596276,-73.9321455
22354,3619.0,40.7713615,-73.9246145
82512,3697.0,40.77515953434235,-73.989186957478523
4209,3834.0,40.69467,-73.90663
5558,3917.0,40.69178,-73.97877
3,4327.0,40.782465,-73.914527
282395,498.0,40.74854862,-73.98808416
43725,3182.0,40.686931,-74.016966
136120,3224.0,40.73997354103409,-74.005138725042343
47765,3304.0,40.668127,-73.98377641
48930,3526.0,40.7747878,-73.9125551
50539,3576.0,40.6767,-73.969024
50539,3576.0,40.677,-73.968
72,3685.0,40.66065236872916,-73.9645904302597
146113,3686.0,40.739448201304043,-74.005070328712463
4878,3765.0,40.709897,-73.94008
6919,3827.0,40.686,-73.917
6919,3827.0,40.68565,-73.91564
2156,3908.0,40.70463,-74.01507
5917,3927.0,40.81296,-73.941878
1205,4025.0,40.826881,-73.941427
1341,4047.0,40.832081,-73.942386
852,4083.0,40.83649,-73.918316
610,4132.0,40.812769,-73.901583
572,4240.0,40.752643,-73.974996
406204,151.0,40.7218158,-73.99720307
406204,151.0,40.722103786686034,-73.997249007225037
406204,151.0,40.722,-73.998
152991,276.0,40.71748752,-74.0104554
140561,340.0,40.71269042,-73.98776323
153407,441.0,40.756014,-73.967416
146184,3170.0,40.78499979,-73.97283406
17133,3392.0,40.6812117,-74.00860912
195164,3443.0,40.76132983124814,-73.979820013046265
195164,3443.0,40.761,-73.98
144137,3656.0,40.723077490686727,-73.985836207866669
144137,3656.0,40.722,-73.986
8849,3770.0,40.702831,-73.9333
2840,3873.0,40.70068,-73.90742
1911,3880.0,40.7098,-73.91727
1911,3880.0,40.71,-73.917
792,3969.0,40.815887,-73.911918
5238,3986.0,40.81734,-73.922962
954,4067.0,40.847396,-73.931205
138,4153.0,40.82394,-73.894025
927,4174.0,40.834857,-73.903743
1079,4280.0,40.73342399437081,-74.008514955639839
133228,392.0,40.695065,-73.987167
418411,509.0,40.7454973,-74.00197139
418411,509.0,40.746,-74.001
2811,3089.0,40.717318403855785,-73.948202133178711
28040,3103.0,40.72153267,-73.95782357
35342,3105.0,40.724055,-73.955736
17449,3575.0,40.76108,-73.930562
2000,3669.0,40.67630357634183,-74.003140479326248
24157,3786.0,40.714193,-73.996732
2269,3852.0,40.70869,-73.92587
706,4116.0,40.830262,-73.923391
1097,4130.0,40.831584,-73.9149
213,4168.0,40.842675,-73.908544
190,4202.0,40.819999,-73.897263
223926,369.0,40.73224119,-74.00026394
233730,433.0,40.72955361,-73.98057249
41721,3067.0,40.7016657,-73.9437303
22008,3222.0,40.685159599891776,-73.977113664150238
222346,3244.0,40.73143724085228,-73.994903415441513
222346,3244.0,40.731,-73.995
107983,3440.0,40.692418292578473,-73.989494740962982
15057,3517.0,40.7711528,-73.9170074
32391,3613.0,40.746,-73.959
32391,3613.0,40.745038,-73.957539
5598,3795.0,40.671907,-73.993612
5167,3869.0,40.692,-73.92617
2198,3968.0,40.814232,-73.903927
678,4195.0,40.83094,-73.91125
58481,216.0,40.70037867,-73.99548059
69208,3231.0,40.767800801481322,-73.965920805931091
69208,3231.0,40.767,-73.965
43793,3358.0,40.6711978,-73.97484126
84200,3362.0,40.7781314,-73.96069399
24331,3491.0,40.79747,-73.93504
23377,3588.0,40.7671863,-73.9373554
46345,3632.0,40.728048571362606,-73.978811502456665
4524,3840.0,40.69811,-73.90904
6097,3842.0,40.69502,-73.92825
2540,3901.0,40.70998,-73.91116
8963,3946.0,40.818477,-73.947568
1023,3966.0,40.811314,-73.907729
26,4258.0,40.754795,-73.917014
10924,218.0,40.69028437,-73.98707105
540004,459.0,40.746745,-74.007756
540004,459.0,40.746,-74.007
34597,3056.0,40.69072549,-73.95133465
34597,3056.0,40.692,-73.95
191239,3156.0,40.767,-73.953
191239,3156.0,40.76663814,-73.95348296
53609,3284.0,40.781410700190015,-73.95595908164978
29176,3542.0,40.8086249,-73.9596214
29176,3542.0,40.809,-73.959
40689,3581.0,40.6740123,-73.9671457
23004,3617.0,40.7671,-73.9169858
78079,3725.0,40.7687620293096,-73.958407938480377
833,3970.0,40.819609,-73.916071
8173,4007.0,40.823168,-73.955857
600,4092.0,40.830179,-73.928747
677,4139.0,40.824796,-73.90242
15,4315.0,40.76072,-73.910989
367465,251.0,40.722,-73.995
367465,251.0,40.72317958,-73.99480012
732353,435.0,40.74173969,-73.99415556
732353,435.0,40.743,-73.995
32361,3058.0,40.69237074,-73.93705428
42222,3144.0,40.77677702,-73.9590097
90009,3146.0,40.77573034,-73.9567526
15562,3649.0,40.814394437915816,-73.953247368335724
60547,3671.0,40.774779448957283,-73.954274654388428
3842,3704.0,40.7437524099784,-73.941764831542969
10722,3776.0,40.700003,-73.92834
9418,3820.0,40.69757,-73.93098
1876,3984.0,40.824013,-73.954743
668,4199.0,40.83406,-73.92243
140654,332.0,40.71219906,-73.97948148
140654,332.0,40.713,-73.98
54016,365.0,40.68223166,-73.9614583
179216,386.0,40.71494807,-74.00234482
293845,388.0,40.749717753,-74.002950346
293845,388.0,40.74971775,-74.00295035
293845,388.0,40.749,-74.004
351,3019.0,40.716633,-73.981933
129534,3092.0,40.719,-73.959
129534,3092.0,40.7190095,-73.95852515
86451,3101.0,40.72079821,-73.95484712
86451,3101.0,40.722,-73.956
365034,3141.0,40.764,-73.959
365034,3141.0,40.76500525,-73.95818491
54764,3157.0,40.77518615,-73.94446054
54764,3157.0,40.776,-73.944
248681,3233.0,40.758,-73.977
248681,3233.0,40.757245679117261,-73.978059142827988
47849,3379.0,40.7903051,-73.94755757
47849,3379.0,40.791,-73.947
49119,3411.0,40.6849668,-73.98620772
18818,3498.0,40.7974772,-73.9311847
58412,3518.0,40.808442,-73.9452087
48093,3648.0,40.697950315695437,-73.970775604248047
24180,3739.0,40.735918,-74.000939
5654,3900.0,40.72226,-73.93889
3205,3909.0,40.704,-73.905
3205,3909.0,40.70408,-73.90408
24701,4121.0,40.74714,-73.97113
35,4265.0,40.758057,-73.909831
19,4266.0,40.760083,-73.907107
373542,297.0,40.734,-73.986
373542,297.0,40.734232,-73.986923
31400,3391.0,40.7892529,-73.93956237
137016,3423.0,40.6610633719006,-73.979452550411224
137016,3423.0,40.662,-73.98
257757,3641.0,40.742868773121117,-73.98918628692627
13702,3662.0,40.761293897289086,-73.916916847229
35039,3721.0,40.7675487799971,-73.9209334552288
18256,3731.0,40.758397,-73.98255
21908,3755.0,40.690648070829432,-73.957461789250374
668,3972.0,40.822215,-73.914688
1572,3976.0,40.819823,-73.912411
160,4144.0,40.816567,-73.888161
224,4304.0,40.765353803858659,-73.93986314535141
332618,417.0,40.71291224,-74.01020234
500891,2006.0,40.76590936,-73.97634151
500891,2006.0,40.767,-73.977
32287,3095.0,40.71929301,-73.94500379
133711,3132.0,40.76350532,-73.97109243
133711,3132.0,40.764,-73.971
24565,3324.0,40.6685455,-73.99333264
105745,3350.0,40.7973721,-73.97041192
105745,3350.0,40.797,-73.971
116648,3372.0,40.7689738,-73.95482273
45,3485.0,40.725208,-73.974724
12528,3492.0,40.8005385,-73.9419949
21737,3495.0,40.7945663,-73.9362541
46374,3533.0,40.8114323,-73.9518776
112,4229.0,40.840494,-73.911479
222297,422.0,40.77,-73.989
222297,422.0,40.770513,-73.988038
574042,499.0,40.76915505,-73.98191841
574042,499.0,40.77,-73.983
558531,514.0,40.76087502,-74.00277668
558531,514.0,40.761,-74.004
266306,525.0,40.75594159,-74.0021163
266306,525.0,40.755,-74.001
109186,3169.0,40.78720869,-73.98128127
112002,3283.0,40.7882213,-73.97041561
132562,3472.0,40.743,-74.007
132562,3472.0,40.742753828659033,-74.007473587989807
21198,3511.0,40.802535,-73.9532423
22750,3531.0,40.8125511,-73.9492286
2729,3929.0,40.81093,-73.921606
68,3954.0,40.807258,-73.907999
68,3954.0,40.806,-73.908
1799,4015.0,40.82923,-73.936996
684,4128.0,40.837576,-73.910489
477,4207.0,40.831305492672961,-73.917447924613953
132676,239.0,40.69196566,-73.9813018
132676,239.0,40.692,-73.98
273583,346.0,40.737,-74.007
273583,346.0,40.73652889,-74.00618026
17974,3091.0,40.71764,-73.94882
61478,3102.0,40.72179134,-73.9504154
37815,3303.0,40.6849894,-73.99440329
133786,3467.0,40.724946723594158,-74.00165855884552
42251,3571.0,40.676368,-73.952918
11,3636.0,40.707731483954696,-73.934522867202759
48779,3734.0,40.758,-73.962
48779,3734.0,40.759125,-73.962658
572,4030.0,40.822267,-73.916792
3077,4061.0,40.84522,-73.940493
661,4090.0,40.823429,-73.924689
763,4115.0,40.80046,-73.92404
310,4149.0,40.82895,-73.90521
81,4209.0,40.838706,-73.927034
40,4230.0,40.8358771,-73.8931428
833,4282.0,40.731911323231742,-74.008769094944
116605,225.0,40.74195138,-74.00803013
79840,248.0,40.72185379,-74.00771779
335687,307.0,40.71427487,-73.98990025
338913,474.0,40.7451677,-73.98683077
338913,474.0,40.746,-73.986
559355,477.0,40.75640548,-73.9900262
559355,477.0,40.755,-73.989
18654,3061.0,40.69622937,-73.94371094
59153,3080.0,40.70934,-73.95608
92259,3136.0,40.767,-73.971
92259,3136.0,40.76650452,-73.97147595
92259,3136.0,40.766368,-73.971518
11955,3342.0,40.6777748,-74.0094613
7493,3586.0,40.7638753,-73.9364848
1833,3872.0,40.6972,-73.90674
2827,3896.0,40.70183,-73.90625
1028,4103.0,40.834457,-73.928381
804,4108.0,40.843264,-73.904867
686,4161.0,40.84224,-73.8985
254349,252.0,40.73226398,-73.99852205
289613,265.0,40.72229346,-73.99147535
32481,271.0,40.68528172,-73.97805813
32481,271.0,40.685226719472553,-73.978001475334167
244022,377.0,40.72243797,-74.00566443
36442,3071.0,40.70538077,-73.94976519
6945,3234.0,40.751593684511121,-73.98043155670166
43997,3377.0,40.6786115,-73.99037292
36743,3386.0,40.6809591,-73.99905709
103418,3402.0,40.6902375,-73.99203074
103418,3402.0,40.689,-73.992
22206,3604.0,40.6630619,-73.9538746
478,4141.0,40.818185,-73.894143
126608,157.0,40.69089272,-73.99612349
289143,304.0,40.70463334,-74.01361706
139509,356.0,40.71622644,-73.98261206
111058,471.0,40.71286844,-73.95698119
373702,528.0,40.743,-73.977
373702,528.0,40.74290902,-73.97706058
27857,3046.0,40.682601,-73.938037
82858,3116.0,40.73266,-73.95826
87666,3243.0,40.75892386377695,-73.962262272834778
148368,3258.0,40.750181563256831,-74.002184271812439
38885,3339.0,40.6765304,-73.97846879
29081,3413.0,40.6827549,-73.98258555
24039,3479.0,40.685125595154148,-74.025353193283081
44641,3628.0,40.8025566,-73.9490782
1520,3700.0,40.779406085297872,-73.953335881233215
3114,3843.0,40.69905,-73.91516
957,4013.0,40.82831,-73.942924
971,4126.0,40.825737,-73.927311
1681,4167.0,40.84301,-73.91172
6,4321.0,40.780478,-73.912212
320782,301.0,40.72217444,-73.98368779
320782,301.0,40.722,-73.983
314650,305.0,40.761,-73.968
314650,305.0,40.76095756,-73.96724467
388779,479.0,40.76019252,-73.9912551
388779,479.0,40.761,-73.992
74617,3106.0,40.722,-73.944
74617,3106.0,40.72325,-73.94308
118084,3148.0,40.776,-73.95
118084,3148.0,40.77565541,-73.95068615
32301,3246.0,40.695,-73.992
32301,3246.0,40.694281141397326,-73.99230033159256
2,3248.0,0.0,0.0
56824,3300.0,40.66514681533792,-73.976376056671143
56824,3300.0,40.665,-73.977
34129,3338.0,40.7862586,-73.94552579
37927,3407.0,40.679097997216843,-73.987654745578766
184680,3427.0,40.724305272503322,-73.996009826660156
508,3468.0,40.7303801,-73.9747502
93,4169.0,40.83899,-73.9109
762,4190.0,40.840683,-73.915073
75,4310.0,40.756351,-73.936515
84757,82.0,40.71117416,-74.00016545
84757,82.0,40.71,-74.001
69288,137.0,40.761628,-73.972924
226514,238.0,40.7361967,-74.00859207
226514,238.0,40.737,-74.01
110787,274.0,40.68691865,-73.976682
110787,274.0,40.686,-73.977
96871,300.0,40.728145,-73.990214
84971,437.0,40.68098339,-73.95004798
84971,437.0,40.6809833854,-73.9500479759
20,3252.0,40.675349530674119,-74.010020345449448
11039,3326.0,40.67434,-74.00194698
42638,3412.0,40.6853761,-73.98302136
42638,3412.0,40.686,-73.983
38583,3562.0,40.6765198,-73.9596082
14673,3727.0,40.717661970839941,-73.948800265789032
14673,3727.0,40.717847984177283,-73.947520181536674
15181,3789.0,40.68186,-73.959432
5945,3920.0,40.810224,-73.937195
4914,4014.0,40.829114,-73.950426
982,4062.0,40.844044,-73.933651
1829,4069.0,40.848282,-73.941343
235,4129.0,40.832057,-73.927421
289,4171.0,40.828199,-73.903719
762,4235.0,40.764734200065192,-73.991943597793579
238993,311.0,40.7172274,-73.98802084
238993,311.0,40.716,-73.989
14,3036.0,40.662907768316856,-73.999722003936768
14,3036.0,40.880920555238767,-73.896601796150208
14,3036.0,40.517975200388513,-74.0313720703125
14,3036.0,40.684868747593931,-74.025449752807617
309,3239.0,40.646538367096483,-74.016587734222412
54894,3453.0,40.713352262228753,-73.9491033554077
54894,3453.0,40.713,-73.95
11582,3600.0,40.7611488,-73.9170071
42276,3635.0,40.754623240291053,-73.99516761302948
33674,3689.0,40.799041392882977,-73.966494798660278
56840,3809.0,40.763189,-73.978434
56840,3809.0,40.763201,-73.978458
4246,3811.0,40.77485,-73.9342
3492,3924.0,40.810893,-73.927311
678,4137.0,40.823872,-73.908699
346,4185.0,40.839335,-73.886445
7,4386.0,40.646377,-74.023087
155456,357.0,40.73261787,-73.99158043
287701,363.0,40.70834698,-74.01713445
283360,495.0,40.76269882,-73.99301222
5714,3333.0,40.6747055,-74.0075572
44947,3369.0,40.772460677893967,-73.946820795536041
44947,3369.0,40.7724607,-73.9468208
67049,3906.0,40.711444,-74.014847
1716,4001.0,40.821111,-73.935971
9251,4073.0,40.759699959062537,-73.978081941604614
266768,412.0,40.7158155,-73.99422366
266768,412.0,40.716,-73.995
110090,2023.0,40.75968085,-73.97031366
70409,3078.0,40.70925562,-73.95982218
70409,3078.0,40.71,-73.962
70409,3078.0,40.709248262761569,-73.960631489753723
19644,3299.0,40.78813,-73.95206
46639,3321.0,40.6831164,-73.99785267
51051,3361.0,40.6740886,-73.9787282
6083,3779.0,40.704876,-73.919911
1270,3816.0,40.71429,-73.93323
3627,3853.0,40.70686,-73.92851
3627,3853.0,40.707,-73.929
3048,3874.0,40.70461,-73.91054
1516,4029.0,40.816402,-73.919549
60,4142.0,40.816126,-73.891559
208,4302.0,40.778557,-73.919046
17,4387.0,40.644512,-74.021506
45575,436.0,40.68216564,-73.95399026
352326,491.0,40.74,-73.986
352326,491.0,40.74096374,-73.98602213
15505,3044.0,40.6800105,-73.938475
32408,3238.0,40.773913902381182,-73.9543953537941
137771,3461.0,40.714851505262523,-74.011223316192627
4083,3891.0,40.698,-73.9127
1334,3965.0,40.814046,-73.91186
1334,3965.0,40.815,-73.911
1940,4052.0,40.83618,-73.939789
766,4194.0,40.840484,-73.917946
11,4288.0,40.774798,-73.903787
90648,399.0,40.68851534,-73.9647628
84950,414.0,40.70281858,-73.98765762
432419,462.0,40.74691959,-74.00451887
379692,466.0,40.74395411,-73.99144871
86512,3162.0,40.78339981,-73.98093133
121,3240.0,0.0,0.0
121,3240.0,40.759030082196055,-73.993858695030212
2403,3512.0,40.7747175,-73.9337894
8383,4009.0,40.827305,-73.951989
2190,4024.0,40.826406,-73.937948
51300,245.0,40.69327018,-73.97703874
51300,245.0,40.692,-73.977
127196,475.0,40.73524276,-73.98758561
138889,481.0,40.71260486,-73.96264403
138889,481.0,40.713,-73.962
213736,2002.0,40.716,-73.962
213736,2002.0,40.716887,-73.963198
266383,2012.0,40.739445,-73.976806
17613,3120.0,40.74161,-73.96044
22463,3123.0,40.74469738,-73.93540375
22463,3123.0,40.746,-73.935
110802,3145.0,40.77862688,-73.95772073
110802,3145.0,40.779,-73.959
79335,3242.0,40.692,-73.992
79335,3242.0,40.691029256779679,-73.991833627223969
48,3250.0,40.716909780459652,-73.983837962150574
52149,3538.0,40.802692,-73.96295
41,3550.0,40.81413,-73.953005
17980,3551.0,40.795508,-73.941606
64,4146.0,40.818743,-73.890247
164,4309.0,40.772768286288304,-73.927436470985413
148210,302.0,40.72082834,-73.97793172
57798,397.0,40.68415748,-73.96922273
292389,537.0,40.74025878,-73.98409214
39949,3049.0,40.68488,-73.96304
15761,3111.0,40.7258483,-73.95064893
121580,3223.0,40.758996559605123,-73.968653976917267
76665,3230.0,40.751283596962296,-73.99692445993422
39967,3403.0,40.6705135,-73.98876585
160841,3429.0,40.685068073081773,-73.977907598018632
19125,3500.0,40.7989445,-73.944846
78,3650.0,45.506264191001193,-73.568905591964722
78,3650.0,45.505850638767228,-73.569109439849854
1615,4048.0,40.832314,-73.94102
714,4081.0,40.83173,-73.922394
20723,4120.0,40.7494985460252,-73.977292031131583
320,4212.0,40.83171,-73.90208
116,4227.0,40.837037,-73.890413
43,4314.0,40.761294,-73.909562
95141,244.0,40.69196035,-73.96536851
154805,308.0,40.713,-73.998
154805,308.0,40.71307916,-73.99851193
82141,354.0,40.69363137,-73.96223558
82141,354.0,40.695,-73.962
101082,390.0,40.69221589,-73.9842844
101082,390.0,40.692,-73.983
296490,448.0,40.758,-73.998
296490,448.0,40.75660359,-73.9979009
203859,456.0,40.7597108,-73.97402311
92435,3288.0,40.779,-73.95
92435,3288.0,40.778301,-73.9488134
14662,3523.0,40.7729,-73.916142
28859,3693.0,40.722481886382191,-73.959219306707382
13563,3763.0,40.707165,-73.923711
13563,3763.0,40.707,-73.923
4809,3850.0,40.70907,-73.92157
4809,3850.0,40.71,-73.923
20746,3918.0,40.72387,-73.975767
4183,4071.0,40.835775,-73.9434
809,4098.0,40.839312,-73.922423
91085,416.0,40.68753406,-73.97265183
324959,438.0,40.72779126,-73.98564945
324508,501.0,40.744219,-73.97121214
41269,3088.0,40.7160751,-73.952029
56071,3152.0,40.76873687,-73.96119945
182495,3374.0,40.799484,-73.955613
182495,3374.0,40.8,-73.956
8237,3464.0,40.752270938374089,-73.987705707550049
9873,3560.0,40.754876,-73.934326
38187,3630.0,40.8038654,-73.9559308
38187,3630.0,40.803,-73.956
53440,3798.0,40.752269,-73.982079
53440,3798.0,40.752,-73.983
2412,3885.0,40.70413,-73.90737
35816,3905.0,40.732647,-73.99011
11180,3913.0,40.699569,-73.979827
64061,322.0,40.696192,-73.991218
126862,516.0,40.75206862,-73.96784384
126862,516.0,40.752,-73.968
264451,3137.0,40.773,-73.968
264451,3137.0,40.77282817,-73.96685276
52295,3466.0,40.756687206031792,-73.982577323913574
25629,3478.0,40.657088666684849,-74.008702039718628
25629,3478.0,40.656,-74.01
27963,3493.0,40.799139,-73.9389152
15332,3563.0,40.757186,-73.932719
8950,3590.0,40.6679411,-73.9588
14115,3675.0,40.784596798848924,-73.949685394763947
3585,3835.0,40.69385,-73.90974
2961,3855.0,40.71882,-73.93948
3045,3996.0,40.806414,-73.936085
1789,4093.0,40.827115,-73.92272
617,4151.0,40.832678,-73.905158
371,4154.0,40.820578,-73.888271
359,4205.0,40.841092,-73.892317
89,4255.0,40.753091,-73.920603
422282,127.0,40.73172428,-74.00674436
546525,368.0,40.73038599,-74.00214988
140293,467.0,40.68312489,-73.97895137
2380,3181.0,40.692609,-74.016398
45117,3341.0,40.795346,-73.96186
19230,3490.0,40.796879,-73.937261
19230,3490.0,40.797,-73.938
12127,3505.0,40.805726,-73.936322
5351,3559.0,40.7576314,-73.9391224
10047,3758.0,40.702997,-73.92997
9251,3859.0,40.72795,-73.95414
1433,4113.0,40.79346,-73.92389
15314,4124.0,40.788664991278843,-73.966800570487976
247,4245.0,40.821952,-73.888546
168502,264.0,40.70706456,-74.00731853
320951,336.0,40.73047747,-73.99906065
302783,361.0,40.71605866,-73.99190759
302783,361.0,40.716,-73.992
164566,393.0,40.72299208,-73.97995466
467281,492.0,40.75019995,-73.99093085
135214,3301.0,40.7919557,-73.968087
135214,3301.0,40.791,-73.968
12345,3371.0,40.674613422475815,-73.985011428594589
40344,3389.0,40.6830456,-74.00348559
69131,3431.0,40.746524,-73.977885
34514,3549.0,40.678045,-73.962408
91834,3674.0,40.701403172577251,-73.986726701259613
117453,3707.0,40.741459,-73.983293
117453,3707.0,40.74,-73.983
7974,3879.0,40.68822,-73.91966
879,4066.0,40.847305,-73.933291
288,4191.0,40.827301,-73.896372
224195,3158.0,40.77163851,-73.98261428
224195,3158.0,40.773,-73.983
25641,3381.0,40.6777287,-73.99364123
40215,3410.0,40.6864442,-73.98759104
30,3480.0,0.0,0.0
91466,3680.0,40.754120810779256,-73.980251848697662
91466,3680.0,40.755,-73.98
91,3683.0,40.710154710949119,-73.984535336494432
13634,3691.0,40.76408932350688,-73.910651206970215
29918,3726.0,40.743366080270206,-73.959606885910034
261496,174.0,40.7381765,-73.97738662
261496,174.0,40.737,-73.977
187574,228.0,40.7546011026,-73.971878855
187574,228.0,40.7546011,-73.97187886
94390,263.0,40.71729,-73.996375
94390,263.0,40.717590818059811,-73.996224403381348
304134,383.0,40.735238,-74.000271
63377,420.0,40.68764484,-73.96968902
306813,526.0,40.74765947,-73.98490707
306813,526.0,40.749,-73.986
29080,3053.0,40.6900815,-73.947915
34,3197.0,40.719251707409889,-74.03423398733139
120653,3349.0,40.6729679,-73.97087984
33667,3404.0,40.6704922,-73.98541675
13236,3556.0,40.7527085,-73.9397405
22507,4075.0,40.78476,-73.969862
532,4186.0,40.818154,-73.925294
59188,343.0,40.698,-73.971
59188,343.0,40.69794,-73.96986848
315099,410.0,40.72066442,-73.98517977
540,3014.0,40.722852,-73.959114
189,3020.0,40.6466068,-74.01597
7600,3098.0,40.71928,-73.94861
134009,3107.0,40.72311651,-73.95212324
134009,3107.0,40.722,-73.953
55846,3365.0,40.6703837,-73.97839676
59862,3414.0,40.680944723477296,-73.975673317909227
8253,3647.0,40.741283093559929,-73.937258720397935
65734,3658.0,40.7435337324616,-74.003675580024719
47352,3668.0,40.725,-73.95
47352,3668.0,40.7239567849954,-73.949843645095825
20248,3728.0,40.695356933202248,-73.993440270423889
1401,3977.0,40.81899,-73.90202
3148,4055.0,40.84004,-73.942939
638448,285.0,40.73454567,-73.99074142
638448,285.0,40.734,-73.992
167112,351.0,40.70530954,-74.00612572
309505,2021.0,40.75929124,-73.98859651
51262,3420.0,40.6802133,-73.98432695
2,3446.0,0.0,0.0
50178,3584.0,40.6707767,-73.9576801
50178,3584.0,40.671,-73.959
30311,3592.0,40.7633589,-73.9286471
17842,3598.0,40.7595701,-73.9142678
8967,3778.0,40.7027,-73.92095
18473,3814.0,40.761573,-73.972628
4560,3824.0,40.6786,-73.90369
4323,3882.0,40.69517,-73.90311
1331,3937.0,40.805089,-73.918889
57,4264.0,40.755763,-73.912715
191809,79.0,40.719,-74.007
191809,79.0,40.71911552,-74.00666661
349820,161.0,40.72917025,-73.99810231
349820,161.0,40.728,-73.998
225777,250.0,40.72456089,-73.99565293
13001,2001.0,40.69892054,-73.97332996
13001,2001.0,40.699773,-73.979927
24848,3065.0,40.70029511,-73.95032283
29967,3122.0,40.744363287066882,-73.9558732509613
29967,3122.0,40.743,-73.956
1670,3450.0,40.7512836,-73.9969245
13547,3654.0,40.751869514218747,-73.933492898941026
6643,3692.0,40.6999974843885,-73.974401280283928
9705,3762.0,40.677027,-73.9865
1548,4099.0,40.834015,-73.908863
8333,4110.0,40.725065510154749,-73.975158333778381
22,4313.0,40.763328,-73.908782
69351,262.0,40.6917823,-73.9737299
69351,262.0,40.69178232,-73.97372989
244193,345.0,40.73649403,-73.99704374
331352,529.0,40.7575699,-73.99098507
103044,3151.0,40.7728384,-73.94989233
103044,3151.0,40.773,-73.95
159522,3173.0,40.777507027547976,-73.988885879516587
159522,3173.0,40.779,-73.989
74268,3534.0,40.805159,-73.954692
30280,3569.0,40.6758324,-73.9561677
30280,3569.0,40.677,-73.956
11994,3612.0,40.7703743,-73.9286078
2374,3888.0,40.70793,-73.91092
25377,3916.0,40.708485,-74.002751
5637,4232.0,40.756951,-73.982631
282555,335.0,40.72903917,-73.99404649
282555,335.0,40.728,-73.995
65134,400.0,40.71926081,-73.98178024
91736,404.0,40.7405826,-74.00550867
310891,439.0,40.7262807,-73.98978041
393919,482.0,40.74,-73.998
393919,482.0,40.73935542,-73.99931783
241572,533.0,40.75299641,-73.98721619
104962,3086.0,40.716,-73.944
104962,3086.0,40.715143,-73.944507
23604,3221.0,40.743,-73.93561
154,3253.0,40.67280641227746,-73.968865871429443
17412,3316.0,40.7989937,-73.9662173778
81574,3351.0,40.7869946,-73.94164802
13250,3477.0,40.655399774478312,-74.010627865791321
28049,3494.0,40.797911,-73.9423
33335,3555.0,40.751047,-73.93797
9385,3695.0,40.726869515282068,-73.989190310239792
3881,3939.0,40.800933,-73.913863
2350,3944.0,40.818215,-73.950988
1305,4220.0,40.823061,-73.941928
9,4330.0,40.766824,-73.930486
97646,261.0,40.69474881,-73.98362464
339040,401.0,40.72019576,-73.98997825
339040,401.0,40.719,-73.989
301303,470.0,40.74345335,-74.00004031
28362,3066.0,40.69957608,-73.94708417
29012,3070.0,40.70510918,-73.94407279
4586,3099.0,40.721522403393031,-73.94898265600203
69049,3117.0,40.73564,-73.95866
69049,3117.0,40.737,-73.959
121175,3119.0,40.743,-73.953
121175,3119.0,40.74232744,-73.95411749
59741,3154.0,40.77314236,-73.95856158
323,3219.0,40.729193,-73.976655
54585,3364.0,40.6751622,-73.9814832
71830,3382.0,40.680611,-73.99475825
71830,3382.0,40.68,-73.995
47379,3599.0,40.66314,-73.9605695
30410,3629.0,40.809495347779482,-73.947764933109283
11183,3759.0,40.70538,-73.92535
11183,3759.0,40.704,-73.926
13336,3856.0,40.72577,-73.94173
7289,3997.0,40.815484,-73.935856
309,4164.0,40.836274,-73.884308
166,4177.0,40.831762,-73.896853
287,4182.0,40.831998,-73.892686
73731,418.0,40.70224,-73.982578
342238,476.0,40.74394314,-73.97966069
342238,476.0,40.743,-73.98
310707,487.0,40.73314259,-73.97573881
310707,487.0,40.734,-73.977
23408,3063.0,40.69527008,-73.95238108
147780,3112.0,40.72906,-73.95779
147780,3112.0,40.728,-73.959
79432,3115.0,40.73232194,-73.9550858
84646,3155.0,40.76440023,-73.96648977
9827,3330.0,40.6725058,-74.00494695
16534,3506.0,40.8013066,-73.9398167
16534,3506.0,40.8,-73.941
11979,3621.0,40.7739825,-73.9309134
6846,3716.0,40.7535992020056,-73.937956094741821
4488,3907.0,40.70112,-73.93039
1866,3931.0,40.814469,-73.924963
7311,3994.0,40.802554,-73.933509
1202,4094.0,40.825716,-73.915585
216,4228.0,40.839194,-73.888587
18,4331.0,40.751555,-73.915026
164376,147.0,40.71542197,-74.01121978
22281,538.0,40.75795248,-73.97787642
22281,538.0,40.75666,-73.976684
25330,3048.0,40.68402,-73.94977
96279,3323.0,40.7981856,-73.9605909006
70362,3356.0,40.776,-73.986
70362,3356.0,40.7746671,-73.98470567
36654,3659.0,40.742948916600909,-74.004136919975281
59719,3715.0,40.718169694542077,-73.955201357603073
59719,3715.0,40.719,-73.956
3436,3868.0,40.693,-73.90824
2595,3987.0,40.813135,-73.909235
28,4285.0,40.765753,-73.90676
56789,160.0,40.44535,-73.978238
56789,160.0,40.748238,-73.978311
56789,160.0,40.748158,-73.978462
379640,237.0,40.73047309,-73.98672378
62584,275.0,40.68650065,-73.96563307
211460,455.0,40.75001986,-73.96905301
401910,465.0,40.75513557,-73.98658032
463383,523.0,40.755,-73.992
463383,523.0,40.75466591,-73.99138152
107862,3305.0,40.782,-73.95
107862,3305.0,40.781122299341661,-73.949655890464783
46224,3310.0,40.663779,-73.98396846
1498,3432.0,40.662987,-73.976918
1498,3432.0,40.669060135011073,-73.994636535644531
26227,3516.0,40.7699176,-73.9184057
106513,3724.0,40.7667405590595,-73.9790689945221
106513,3724.0,40.767,-73.98
844,3952.0,40.806896,-73.911837
4689,3995.0,40.812,-73.938
4689,3995.0,40.812191,-73.937838
8233,4020.0,40.825125,-73.941616
176,4143.0,40.813991,-73.8855
32,4262.0,40.752372,-73.925384
302497,167.0,40.7489006,-73.97604882
302497,167.0,40.749,-73.977
28358,233.0,40.69475701,-73.99052739
28358,233.0,40.69246277,-73.98963911
28358,233.0,40.694757013638771,-73.990527391433716
245257,257.0,40.719,-74.001
245257,257.0,40.71939226,-74.00247214
837054,519.0,40.75188406,-73.97770164
837054,519.0,40.752416,-73.97837
837054,519.0,40.752,-73.977
837054,519.0,40.751873,-73.977706
60977,3081.0,40.711863,-73.944024
36326,3180.0,40.69878,-73.99712
39806,3241.0,40.686203,-73.944694
39121,3452.0,40.719155716960437,-73.94885390996933
39121,3452.0,40.719,-73.95
12077,3643.0,40.752722013811884,-73.981236219406128
2016,3805.0,40.776173,-73.959757
2085,3825.0,40.68139,-73.90756
5967,3838.0,40.69356,-73.92524
5823,4000.0,40.819783,-73.936521
13730,4036.0,40.7639089,-73.9477213
3378,4118.0,40.708588942405811,-74.009354822358091
10244,4123.0,40.796036841599843,-73.961589038535749
225,4208.0,40.822351,-73.926907
690,4248.0,40.70336686695866,-74.007867872715
153909,153.0,40.752062307,-73.9816324043
153909,153.0,40.75206231,-73.9816324
156475,376.0,40.70862144,-74.00722156
285239,444.0,40.7423543,-73.98915076
40780,3042.0,40.6794268,-73.9298911
64377,3100.0,40.725,-73.947
64377,3100.0,40.724812564400175,-73.947526216506958
216587,3282.0,40.782,-73.959
216587,3282.0,40.78307,-73.95939
30418,3313.0,40.6663181,-73.9854617
12,3487.0,40.656595674820387,-74.008492827415466
18491,3503.0,40.80295,-73.942954
34975,3673.0,40.677592069373759,-73.955637216568
10820,3773.0,40.70539,-73.92976
3735,3903.0,40.68989,-73.91458
309,4064.0,40.807347437082,-73.908097743988037
629,4172.0,40.829896,-73.907618
114,4263.0,40.763422,-73.914142
85402,3087.0,40.71413311,-73.95234386
21591,3127.0,40.74966,-73.9521
6728,3138.0,40.774405455003,-73.961752653121934
76939,3307.0,40.794,-73.974
76939,3307.0,40.7941654,-73.974124
96238,3521.0,40.7987859,-73.9523
86710,3708.0,40.735445,-73.99431
64746,3737.0,40.720747,-73.986274
1041,3925.0,40.812304,-73.929153
3615,3953.0,40.82281,-73.937413
1371,3956.0,40.812,-73.914
1371,3956.0,40.811112,-73.914932
1270,3981.0,40.830476,-73.939929
1713,4096.0,40.834263,-73.917641
5,4271.0,40.757525,-73.901614
4,4275.0,40.783956,-73.916894
100105,260.0,40.70365182,-74.01167797
100105,260.0,40.704,-74.013
94385,266.0,40.72368361,-73.97574813
46995,407.0,40.700469,-73.991454
382174,518.0,40.74780373,-73.9734419
382174,518.0,40.749,-73.974
128710,534.0,40.70255065,-74.0127234
101550,3096.0,40.71924,-73.95242
121334,3134.0,40.76312584,-73.96526895
19468,3265.0,40.7245634290432,-73.9894437789917
70514,3346.0,40.675146838709786,-73.975232094526291
70514,3346.0,40.674,-73.974
52924,3375.0,40.7699426,-73.96060712
55823,3437.0,40.793134809866629,-73.977003693580627
23978,3438.0,40.772248537721744,-73.958421349525452
207,4173.0,40.825322,-73.887729
9,4289.0,40.77813,-73.90842
116,4311.0,40.7725996921817,-73.932662755250931
423216,382.0,40.73492695,-73.99200509
211872,3016.0,40.720367752984551,-73.961650729179382
211872,3016.0,40.771051856415305,-73.9643383026123
211872,3016.0,40.720725534125947,-73.961259126663208
48327,3094.0,40.7169811,-73.94485918
91547,3108.0,40.72557,-73.94434
91547,3108.0,40.725,-73.944
63510,3131.0,40.76712840349542,-73.962246179580688
407985,3255.0,40.7505853470215,-73.9946848154068
407985,3255.0,40.752,-73.995
9010,3705.0,40.728400594508287,-73.999687805771828
64770,3712.0,40.754691750226016,-73.997401893138885
14366,3813.0,40.745686,-74.005141
5653,3926.0,40.81014,-73.93973
676,3983.0,40.817802,-73.905203
544,4158.0,40.830529,-73.894717
30,4272.0,40.771203,-73.903865
177789,279.0,40.707873,-74.00167
177789,279.0,40.69986937,-73.98271933
35865,3055.0,40.6883337,-73.950916
58444,3064.0,40.69681963,-73.93756926
214536,3236.0,40.758,-73.995
214536,3236.0,40.758984813996342,-73.993799686431885
31518,3249.0,40.6803560840434,-73.9476791024208
64057,3289.0,40.790179480950812,-73.972889184951782
64057,3289.0,40.791,-73.974
2407,3291.0,40.7933718,-73.97685115
85393,3336.0,40.787801,-73.953559
85393,3336.0,40.788,-73.953
49023,3425.0,40.7892105,-73.94370784
4521,3567.0,40.7627442,-73.9391141
7564,3892.0,40.75473,-73.93367
3,3912.0,40.7903,-73.9597
98543,241.0,40.68981035,-73.97493121
35742,3363.0,40.7904828,-73.95033068
42958,3547.0,40.8143256,-73.9590255
42958,3547.0,40.815,-73.959
30533,3579.0,40.672695,-73.954131
30533,3579.0,40.674,-73.953
21058,3595.0,40.760339,-73.9222427
13109,3688.0,40.757920208794026,-73.966382145881653
2267,3833.0,40.69122,-73.91693
9469,3894.0,40.740983,-74.001702
8019,3936.0,40.820003,-73.959089
1039,4074.0,40.838191,-73.936085
1111,4131.0,40.844075,-73.917256
229,4170.0,40.828975,-73.911259
195014,146.0,40.716,-74.01
195014,146.0,40.71625008,-74.0091059
128228,306.0,40.70823502,-74.00530063
168049,411.0,40.72228087,-73.97668709
168049,411.0,40.722,-73.977
379845,468.0,40.764,-73.983
379845,468.0,40.7652654,-73.98192338
464648,505.0,40.74901271,-73.98848395
464648,505.0,40.749,-73.989
5273,3114.0,40.73165141,-73.96161892
71619,3378.0,40.773763,-73.96222088
71619,3378.0,40.773,-73.962
43385,3536.0,40.8082,-73.9641
44433,3735.0,40.752694,-74.002353
44883,3744.0,40.725864,-73.986389
1068,3964.0,40.814383,-73.915368
1435,4005.0,40.821294,-73.947868
1420,4060.0,40.842173,-73.935111
349,4200.0,40.844811,-73.912042
129149,406.0,40.69512845,-73.99595065
592469,490.0,40.752,-73.995
592469,490.0,40.751551,-73.993934
312484,536.0,40.74144387,-73.97536082
312484,536.0,40.74,-73.974
30773,3121.0,40.74524768,-73.94733276
67537,3457.0,40.763025942805193,-73.972095251083374
10323,3525.0,40.776165,-73.9153175
7772,3768.0,40.71019,-73.93734
2335,3826.0,40.68458,-73.90925
2686,3829.0,40.6882,-73.90798
4998,3876.0,40.698,-73.899
4998,3876.0,40.69922,-73.89795
27917,3919.0,40.70437,-74.00637
506,4136.0,40.824,-73.91089
263723,72.0,40.76727216,-73.99392888
263723,72.0,40.767,-73.995
423412,445.0,40.72740794,-73.98142006
423412,445.0,40.728,-73.98
198645,460.0,40.71285887,-73.96590294
198645,460.0,40.713,-73.965
189819,527.0,40.74315566,-73.97434726
189819,527.0,40.744023,-73.976056
45556,3052.0,40.686312,-73.935775
58248,3370.0,40.7727966,-73.95577801
58248,3370.0,40.773,-73.956
14226,3421.0,40.6843549,-73.98901629
2954,3644.0,40.675816225228317,-74.01488184928894
27579,3676.0,40.6758329439129,-74.014726281166077
49870,3690.0,40.713341842759071,-74.009355157613754
49870,3690.0,40.713,-74.01
2009,3902.0,40.70694,-73.90632
807,3940.0,40.800425,-73.911034
573,3985.0,40.820302,-73.903944
8515,3999.0,40.816959710324639,-73.9422959089279
1321,4054.0,40.839278,-73.945446
486,4101.0,40.826677,-73.929327
1127,4214.0,40.725839967923747,-74.0076532959938
678,4249.0,40.836179136774753,-73.907301463227654
168756,391.0,40.698,-73.992
168756,391.0,40.69760127,-73.99344559
365979,405.0,40.739323,-74.008119
3752,3237.0,40.753833434376219,-73.942676782608018
41382,3415.0,40.6793307,-73.97519523
300484,3435.0,40.718822,-73.99596
300484,3435.0,40.719,-73.995
12541,3441.0,40.752957,-74.00264
5056,3445.0,40.791811715010972,-73.9786022901535
27239,3574.0,40.6769694,-73.96579
27239,3574.0,40.677,-73.965
35356,3785.0,40.75492,-73.98455
35356,3785.0,40.755,-73.986
433,4175.0,40.838379,-73.905838
59,4268.0,40.753441,-73.912402
274773,268.0,40.71910537,-73.99973337
274773,268.0,40.719,-74.001
88485,313.0,40.69610226,-73.96751037
302198,546.0,40.74444921,-73.98303529
302198,546.0,40.743,-73.983
66175,3074.0,40.70767788,-73.94016171
66175,3074.0,40.707,-73.941
278065,3165.0,40.775793766836657,-73.9762057363987
278065,3165.0,40.77575319,-73.97603963
19347,3504.0,40.8029263,-73.9379
21514,3524.0,40.7774552,-73.9225403
21269,3614.0,40.768692,-73.9249574
27533,3618.0,40.7485,-73.941275
77200,3799.0,40.74964,-73.98805
3208,3847.0,40.69671,-73.92807
8816,3848.0,40.69544,-73.93223
735,3982.0,40.817166,-73.914737
11335,4058.0,40.75863,-73.97513
60,4184.0,40.836733,-73.887931
1213,4279.0,40.756265,-73.964179
253564,403.0,40.72502876,-73.99069656
316475,503.0,40.737,-73.989
316475,503.0,40.73827428,-73.98751968
39719,3057.0,40.69128258,-73.9452416
39719,3057.0,40.692,-73.944
199527,3093.0,40.716,-73.959
199527,3093.0,40.71745169,-73.95850939
104981,3383.0,40.804213,-73.96699104
42539,3384.0,40.6787242,-73.99599099
74029,3507.0,40.8045555,-73.9396861
11604,3646.0,40.763154819103733,-73.939855098724365
1029,4021.0,40.813224,-73.930605
368871,236.0,40.7284186,-73.98713956
368871,236.0,40.728,-73.986
5816,431.0,40.68864636,-73.98263429
419592,472.0,40.7457121,-73.98194829
419592,472.0,40.746,-73.983
31509,3060.0,40.69425403,-73.94626915
5025,3097.0,40.71921585,-73.9424469
72104,3126.0,40.746,-73.944
72104,3126.0,40.74718234,-73.9432635
234158,3140.0,40.77140426,-73.9535166
234158,3140.0,40.77,-73.953
248112,3163.0,40.7734066,-73.97782542
168158,3259.0,40.749370241932773,-73.999233841896057
14449,3352.0,40.672672434109479,-74.0087952464819
63815,3408.0,40.6881529,-73.99520919
58525,3474.0,40.7252556952547,-74.004120826721191
82383,3699.0,40.763604677958632,-73.989179581403732
82383,3699.0,40.764,-73.989
84895,3709.0,40.738046142482766,-73.996429592370987
7814,3772.0,40.713811,-73.93515
7872,3837.0,40.69329,-73.92852
3079,3921.0,40.805701,-73.925177
1621,4041.0,40.825289,-73.936232
125,4211.0,40.82995,-73.898802
213104,164.0,40.75323098,-73.97032517
243975,355.0,40.71602118,-73.99974372
694145,426.0,40.719,-74.013
694145,426.0,40.71754834,-74.01322069
10083,3079.0,40.71103537,-73.94714303
167518,3235.0,40.752165280621966,-73.979921936988816
284614,3256.0,40.7277140777778,-74.011295735836029
29586,3332.0,40.681990442707033,-73.990790247917175
7219,3821.0,40.70106,-73.93318
7219,3821.0,40.701,-73.932
837,3947.0,40.804168,-73.911545
416,4156.0,40.83545,-73.90153
60471,242.0,40.698,-73.974
60471,242.0,40.69788349,-73.97350332
60471,242.0,40.697787,-73.973736
82807,314.0,40.69383,-73.990539
82807,314.0,40.69424674,-73.99215922
119285,337.0,40.7037992,-74.00838676
31,3040.0,40.646678,-74.016263
31,3040.0,40.66979964220026,-73.994979858398438
17679,3075.0,40.70708701,-73.95796783
169354,3160.0,40.77896784,-73.97374737
112460,3314.0,40.7937704,-73.971888
26294,3405.0,40.6704836,-73.98208968
6399,3764.0,40.705517,-73.93936
2036,4051.0,40.834468,-73.939865
127164,331.0,40.71173107,-73.99193043
127164,331.0,40.713,-73.992
2,3000.0,40.755467,-73.986536
95058,3178.0,40.785,-73.983
95058,3178.0,40.78414472,-73.98362492
37231,3297.0,40.6686627,-73.97988067
41324,3343.0,40.7997568,-73.9621128676
41324,3343.0,40.8,-73.962
10259,3401.0,40.6724811,-73.99331394
37889,3434.0,40.790254173304191,-73.977183401584611
22278,3527.0,40.80698,-73.941747
152625,3664.0,40.720195214374648,-74.0103006362915
6482,3757.0,40.710681,-73.93372
21094,3898.0,40.763954,-73.9646
161,,40.857,-73.89
161,,40.86,-73.89
161,,40.854,-73.887
161,,40.845,-73.887
161,,40.845,-73.896
161,,40.842,-73.884
161,,40.866,-73.887
161,,40.86,-73.893
161,,40.848,-73.902
161,,40.863,-73.902
161,,40.866,-73.884
161,,40.845,-73.893
161,,40.854,-73.905
161,,40.848,-73.893
161,,40.866,-73.893
161,,40.86,-73.905
161,,40.86,-73.902
161,,40.839,-73.881
161,,40.854,-73.89
161,,40.854,-73.893
161,,40.866,-73.902
161,,40.857,-73.911
161,,40.857,-73.899
161,,40.839,-73.887
161,,40.854,-73.881
161,,40.851,-73.881
161,,40.848,-73.905
161,,40.857,-73.905
161,,40.863,-73.881
161,,40.845,-73.914
161,,40.851,-73.908
161,,40.86,-73.899
161,,40.851,-73.884
161,,40.851,-73.893
161,,40.842,-73.887
161,,40.86,-73.887
161,,40.848,-73.899
161,,40.845,-73.884
161,,40.857,-73.902
161,,40.845,-73.911
161,,40.848,-73.89
161,,40.851,-73.899
161,,40.866,-73.899
161,,40.863,-73.899
161,,40.854,-73.884
161,,40.854,-73.908
161,,40.845,-73.881
161,,40.851,-73.89
161,,40.854,-73.896
161,,40.845,-73.89
161,,40.851,-73.905
161,,40.854,-73.899
161,,40.851,-73.902
161,,40.857,-73.908
161,,40.86,-73.881
161,,40.851,-73.887
161,,40.845,-73.905
161,,40.848,-73.911
161,,40.845,-73.878
161,,40.863,-73.884
161,,40.848,-73.884
161,,40.839,-73.884
161,,40.848,-73.92
161,,40.863,-73.887
161,,40.848,-73.881
161,,40.851,-73.917
161,,40.851,-73.896
161,,40.857,-73.887
161,,40.848,-73.896
161,,40.866,-73.896
161,,40.863,-73.89
161,,40.839,-73.878
161,,40.86,-73.896
161,,40.863,-73.896
161,,40.863,-73.905
161,,40.857,-73.881
161,,40.857,-73.893
161,,40.863,-73.893
161,,40.857,-73.884
161,,40.848,-73.908
161,,40.86,-73.908
161,,40.86,-73.884
161,,40.848,-73.914
161,,40.842,-73.878
161,,40.845,-73.902
161,,40.842,-73.89
161,,40.854,-73.911
161,,40.845,-73.908
161,,40.854,-73.902
161,,40.842,-73.881
161,,40.848,-73.887
161,,40.857,-73.896
161,,40.869,-73.902
161,,40.851,-73.911
161,,40.845,-73.899
161,,40.869,-73.896
161,,40.869,-73.899
161,,40.848,-73.917
161,,40.851,-73.914
161,,40.845,-73.923
443812,284.0,40.73901691,-74.00263761
443812,284.0,40.74,-74.004
443812,284.0,40.7390169121,-74.0026376103
354507,312.0,40.722055,-73.989111
140063,324.0,40.689888,-73.981013
67709,344.0,40.6851443,-73.95380904
67709,344.0,40.686,-73.953
45452,3419.0,40.6792788,-73.98154004
82763,3458.0,40.763093872707969,-73.9783501625061
57719,3497.0,40.7949879,-73.9333349
21962,3501.0,40.8014866,-73.9442507
26988,3540.0,40.81,-73.9551508
3018,3866.0,40.68906,-73.90506
36612,3881.0,40.818299,-73.960405
6756,3959.0,40.823498,-73.94386
2462,3960.0,40.822756,-73.951346
4713,4010.0,40.825244,-73.947257
5701,4038.0,40.75370225419114,-73.958652019500718
13286,4040.0,40.742684734875695,-73.986713290214539
1698,4059.0,40.842941,-73.938631
65,4257.0,40.750181,-73.919998
127166,389.0,40.71044554,-73.96525063
194787,522.0,40.75714758,-73.97207836
30514,3130.0,40.75325964,-73.94335788
18652,3153.0,40.768175467422452,-73.959102630615234
145010,3161.0,40.7801839724239,-73.977285325527191
145010,3161.0,40.779,-73.977
403,3245.0,40.716444231344788,-73.9823305606842
403,3245.0,40.655949177839751,-74.008358716964722
403,3245.0,40.646677898897863,-74.016303420066833
228055,3260.0,40.727063633483063,-73.996621370315538
43900,3359.0,40.7691572,-73.96703464
14796,3515.0,40.774591,-73.918544
14180,3606.0,40.743,-73.95
14180,3606.0,40.74252,-73.948852
24550,3723.0,40.695317277669041,-73.990157246589661
24550,3723.0,40.695,-73.989
2891,3828.0,40.68652,-73.91321
2891,3828.0,40.686,-73.914
4108,3877.0,40.70555,-73.90245
6260,3967.0,40.826969,-73.949738
11156,3993.0,40.771771,-73.990625
9918,4004.0,40.820681,-73.945144
422,4155.0,40.827184,-73.893721
270095,223.0,40.73781509,-73.99994661
156177,427.0,40.701907,-74.013942
156177,427.0,40.70251526,-74.01427023
76409,3077.0,40.70877084,-73.95095259
76409,3077.0,40.71,-73.95
167128,3175.0,40.77748046,-73.98288594
167128,3175.0,40.776,-73.983
64174,3290.0,40.779,-73.947
64174,3290.0,40.7779453,-73.946041
15258,3530.0,40.7787185,-73.9145645
11520,3543.0,40.810285063060029,-73.957364559173584
20280,3570.0,40.7557327,-73.9236611
269,3594.0,40.6661649,-73.9593484
21840,3790.0,40.7003,-73.991581
28538,3804.0,40.702461,-73.986842
1617,4085.0,40.839549,-73.913004
314,4163.0,40.832649,-73.885272
191554,385.0,40.75797322,-73.96603308
382752,486.0,40.7462009,-73.98855723
34914,3068.0,40.7031724,-73.940636
88169,3124.0,40.74731,-73.95451
57162,3176.0,40.77452835,-73.98753759
22305,3302.0,40.7969347,-73.9643412291
74818,3331.0,40.8013434,-73.9711457439
1,3385.0,40.7898175,-73.94296109
59705,3417.0,40.6795766,-73.97854971
59705,3417.0,40.68,-73.98
30670,3424.0,40.791976,-73.945993
43796,3496.0,40.7923272,-73.9383
18450,3554.0,40.7552433,-73.9485678
23983,3747.0,40.777553742988871,-73.955127596855164
2163,3883.0,40.70577,-73.91292
1351,3930.0,40.812,-73.923
1351,3930.0,40.812735,-73.923697
1097,3975.0,40.820713,-73.911759
117,4181.0,40.832171,-73.889686
355,4303.0,40.759057954185863,-73.918975442647934
243237,328.0,40.72405549,-74.00965965
487724,379.0,40.749156,-73.9916
487724,379.0,40.749,-73.992
108108,430.0,40.7014851,-73.98656928
165561,454.0,40.75455731,-73.96592976
24160,3043.0,40.6814598,-73.934903
77217,3118.0,40.737,-73.953
77217,3118.0,40.73555,-73.95284
36468,3390.0,40.79329668,-73.9432083
47667,3430.0,40.719078911795641,-73.94223690032959
38951,3469.0,40.731814017209658,-73.95995020866394
38951,3469.0,40.731,-73.959
72906,3486.0,40.689,-73.986
72906,3486.0,40.688417427540834,-73.984516561031342
24291,3520.0,40.804372,-73.951475
27278,3532.0,40.78145,-73.9183302
38835,3572.0,40.756913,-73.921631
15564,3601.0,40.6627059,-73.9569115
3,3672.0,40.669767091850026,-73.994743824005127
474,4189.0,40.83579,-73.913741
131691,318.0,40.75320159,-73.9779874
214372,513.0,40.767,-73.989
214372,513.0,40.768254,-73.988639
13840,3104.0,40.72057658,-73.96150225
301645,3164.0,40.7770575,-73.97898475
301645,3164.0,40.776,-73.98
152451,3171.0,40.78524672,-73.97667321
8,3215.0,0.0,0.0
10364,3264.0,40.764210071690641,-73.969104588031769
42483,3306.0,40.6662078,-73.98199886
47551,3422.0,40.6859296,-74.00242364
14635,3663.0,40.677164894690591,-73.973827958107
6835,3808.0,40.752474,-73.939991
25001,119.0,40.69608941,-73.97803415
334181,326.0,40.72953837,-73.98426726
464561,327.0,40.7153379,-74.01658354
464561,327.0,40.716,-74.016
76795,339.0,40.72580614,-73.97422494
181273,530.0,40.771522,-73.990541
181273,530.0,40.771496710544412,-73.990460336208344
181273,530.0,40.77,-73.989
61168,3076.0,40.70870368,-73.9448625
90923,3150.0,40.77536905,-73.94803392
50228,3298.0,40.686371,-73.99383324
71404,3368.0,40.6728155,-73.98352355
12207,3393.0,40.6794327,-74.00785041
60276,3416.0,40.6776147,-73.97324283
60276,3416.0,40.677,-73.974
56159,3733.0,40.730563,-73.973984
5516,4016.0,40.812346,-73.946168
653,4032.0,40.82057,-73.917579
721,4082.0,40.833909,-73.92112
342,4192.0,40.826303,-73.898751
792,4247.0,40.832164,-73.949702
463341,168.0,40.73971301,-73.99456405
312930,212.0,40.74334935,-74.00681753
120910,375.0,40.72679454,-73.99695094
190889,423.0,40.767,-73.986
190889,423.0,40.76584941,-73.98690506
452268,446.0,40.74487634,-73.99529885
95789,3090.0,40.71774592,-73.95600096
94279,3139.0,40.771182875406581,-73.964094221591949
94279,3139.0,40.77,-73.965
94279,3139.0,40.77122923,-73.96432627
3107,3149.0,40.77517793,-73.95324922
77867,3293.0,40.7921,-73.9739
42350,3296.0,40.782454175279874,-73.9489196240902
16124,3766.0,40.715353,-73.93856
36691,3815.0,40.755293,-73.967641
5349,3858.0,40.73124,-73.95161
2068,4011.0,40.816124,-73.908116
976,4114.0,40.79558,-73.91906
2322,4236.0,40.768333,-73.992573
204037,319.0,40.711066,-74.009447
204037,319.0,40.71336124,-74.00937622
204037,319.0,40.71,-74.01
187880,493.0,40.7568001,-73.98291153
142547,2009.0,40.71117444,-73.99682619
233946,3142.0,40.761,-73.962
233946,3142.0,40.7612274,-73.96094022
33750,3387.0,40.7934337,-73.94945003
19,3488.0,45.506364054011385,-73.5694634914398
17906,3565.0,40.7614376,-73.9411265
22219,3591.0,40.7659,-73.930819
7994,3780.0,40.703545,-73.917775
7994,3780.0,40.704,-73.917
5064,3836.0,40.69146,-73.92146
3235,3865.0,40.69081,-73.90448
3391,3989.0,40.808384,-73.923604
3391,3989.0,40.809,-73.923
3871,4012.0,40.827075,-73.945909
2697,4112.0,40.78294,-73.93077
5699,4117.0,40.66407983678161,-73.960251286666789
1755,4166.0,40.82441,-73.92818
158,4332.0,40.827230499624726,-73.917655795976316
48732,289.0,40.6845683,-73.95881081
137712,3177.0,40.7867947,-73.977112
60636,3294.0,40.7835016,-73.955327
26352,3309.0,40.7859201,-73.94860294
60998,3357.0,40.8008363,-73.9664492472
8121,3564.0,40.7601853,-73.9362726
27197,3740.0,40.726378,-74.000472
4469,3832.0,40.69055,-73.91181
4191,3863.0,40.69296,-73.91605
6159,4023.0,40.819241,-73.941057
1861,4076.0,40.820089,-73.928947
822,4134.0,40.816343,-73.896447
527,4198.0,40.824811,-73.916407
201,4213.0,40.835302,-73.895133
1885,4219.0,40.754145192635193,-73.9960889518261
64,4254.0,40.752443,-73.929737
110227,83.0,40.68382604,-73.97632328
320498,293.0,40.73028666,-73.9907647
320498,293.0,40.731,-73.992
320498,293.0,40.730206605299543,-73.991026282310486
176532,323.0,40.692,-73.986
176532,323.0,40.69236178,-73.98631746
342061,478.0,40.761,-73.998
342061,478.0,40.76030096,-73.99884222
265419,3167.0,40.779668090073123,-73.980930447578416
265419,3167.0,40.779,-73.98
7,3266.0,40.70861098096821,-73.92850399017334
79306,3286.0,40.782,-73.953
79306,3286.0,40.7806284,-73.9521667
73751,3376.0,40.764718519443392,-73.962220698595047
35731,3397.0,40.6763947,-73.99869893
12800,3522.0,40.7701477,-73.9120938
35700,3684.0,40.737561211811368,-74.003982692956924
8663,3767.0,40.71323,-73.93894
11176,3781.0,40.698568,-73.918877
6857,3860.0,40.70166,-73.92754
2159,3862.0,40.69714,-73.91566
9793,3890.0,40.69047,-73.923511
317,4179.0,40.830051,-73.892103
34,4284.0,40.754139,-73.919543
220,4305.0,40.759604471387945,-73.927144110202789
122132,291.0,40.713126,-73.984844
407293,380.0,40.73401143,-74.00293877
407293,380.0,40.734,-74.004
421295,432.0,40.72621788,-73.98379855
421295,432.0,40.725,-73.983
759541,497.0,40.737,-73.989
759541,497.0,40.73704984,-73.99009296
95590,3135.0,40.77112927,-73.95772297
100054,3232.0,40.689621887903328,-73.983042687177658
80086,3292.0,40.7857851,-73.957481
31135,3347.0,40.6773429,-74.01275056
17231,3513.0,40.774645,-73.923706
11125,3587.0,40.6686744,-73.9618148
2131,3949.0,40.807408,-73.91924
1217,3958.0,40.812299,-73.92037
2851,3961.0,40.820036,-73.921411
407,4147.0,40.821075,-73.895069
166782,360.0,40.70717936,-74.00887308
232434,434.0,40.74317449,-74.00366443
232434,434.0,40.743,-74.004
202876,524.0,40.75527307,-73.98316936
104358,2017.0,40.75022392,-73.97121414
34325,3050.0,40.6851532,-73.94111
21988,3059.0,40.6933982,-73.939877
29826,3325.0,40.7849032,-73.950503
24343,3578.0,40.6741806,-73.9564947
28405,3597.0,40.7577284,-73.9166368
58210,3749.0,40.7475739589548,-73.9788007736206
10538,3777.0,40.699304,-73.923044
4126,3854.0,40.716657,-73.93637
4126,3854.0,40.716,-73.935
1544,4006.0,40.814673,-73.91839
432,4127.0,40.839142,-73.925961
162531,349.0,40.71850211,-73.98329859
674669,402.0,40.7403432,-73.98955109
361074,450.0,40.76227205,-73.98788205
361074,450.0,40.761,-73.989
259089,508.0,40.764,-73.998
259089,508.0,40.76341379,-73.99667444
190855,2000.0,40.70255088,-73.98940236
190855,2000.0,40.704,-73.989
87485,3285.0,40.78839,-73.9747
46771,3398.0,40.6746957,-73.99785768
32702,3615.0,40.748,-73.9460927
3879,3945.0,40.819746,-73.951819
966,3948.0,40.805559,-73.914718
411,4329.0,40.765475692449527,-73.918115794658661
64296,298.0,40.68683208,-73.9796772
127074,310.0,40.68926942,-73.98912867
127074,310.0,40.689,-73.989
559376,358.0,40.734,-74.007
559376,358.0,40.73291553,-74.00711384
155313,521.0,40.75096735,-73.99444208
155313,521.0,40.750967348715982,-73.994442075490952
155313,521.0,40.75044999,-73.99481051
28655,3072.0,40.70583339,-73.94644578
28655,3072.0,40.707,-73.947
97266,3459.0,40.757632277394428,-73.969305753707886
7048,3596.0,40.6642406,-73.9574686
22025,3603.0,40.7647,-73.9240312
732,3642.0,40.787285198609517,-73.950122594833374
5703,3653.0,40.758204646967577,-73.928321599960327
11805,3787.0,40.701,-73.971
11805,3787.0,40.69985,-73.97141
7826,3818.0,40.731,-73.947
7826,3818.0,40.72984,-73.94839
2582,4035.0,40.831327,-73.946665
387,4080.0,40.831444,-73.926226
465,4133.0,40.815077,-73.899939
1074,4135.0,40.819701,-73.901311
455,4152.0,40.830471,-73.904556
1691,4188.0,40.83299,-73.94592
17,4318.0,40.755389,-73.911517
182145,296.0,40.71413089,-73.9970468
80924,364.0,40.68900443,-73.96023854
80924,364.0,40.689,-73.959
34803,3062.0,40.69539817,-73.94954908
34803,3062.0,40.695,-73.95
46648,3329.0,40.6829151,-73.99318208
25366,3447.0,40.76703432309872,-73.95622730255127
32574,3502.0,40.7954121,-73.9441232
20075,3609.0,40.7692475,-73.9354504
20075,3609.0,40.77,-73.935
3249,3841.0,40.69543,-73.9196
6845,3845.0,40.70108,-73.9179
1498,3951.0,40.808633,-73.916124
1234,4019.0,40.803399,-73.919763
12831,4037.0,40.757284,-73.9536
9229,4072.0,40.757936462436739,-73.979602754116058
590,4159.0,40.839586,-73.900277
387211,453.0,40.74475148,-73.99915362
387211,453.0,40.746,-73.998
8694,3084.0,40.71348658,-73.94792458
194028,3159.0,40.77492513,-73.98266566
194028,3159.0,40.776,-73.983
221264,3263.0,40.731,-73.992
221264,3263.0,40.729236499100061,-73.990868031978607
221264,3263.0,40.729514962249489,-73.990752696990967
52415,3308.0,40.6861758,-73.99645295
10286,3340.0,40.6753274,-74.0100698
33258,3535.0,40.804038,-73.945925
13715,3585.0,40.6691783,-73.9554162
7734,3736.0,40.727243,-73.976831
11793,3756.0,40.704508,-73.9351
1777,3871.0,40.68281,-73.90623
306,3938.0,40.80262,-73.9174
991,3978.0,40.82188,-73.907521
1867,3980.0,40.829523,-73.944279
3712,4125.0,40.827883,-73.927111
151,4328.0,40.840124,-73.93949
309915,116.0,40.74177603,-74.00149746
309915,116.0,40.743,-74.001
67404,232.0,40.69597683,-73.99014892
110153,270.0,40.69308257,-73.97178913
45975,421.0,40.69573398,-73.97129668
43271,3311.0,40.68763155,-74.0016256
43271,3311.0,40.689,-74.001
32848,3583.0,40.6716493,-73.9631145
248,3719.0,40.683222541615947,-73.9738118648529
3864,3839.0,40.69545,-73.91164
2508,3864.0,40.68929,-73.90951
2119,3886.0,40.70553,-73.9096
17,4261.0,40.774306,-73.908335
106336,152.0,40.71473993,-74.00910627
263365,195.0,40.70905623,-74.01043382
59018,278.0,40.698,-73.986
59018,278.0,40.69766564,-73.98476437
271700,315.0,40.70355377,-74.00670227
106446,329.0,40.72043411,-74.01020609
106446,329.0,40.720152270232852,-74.010365009307861
164930,502.0,40.714211,-73.981095
164930,502.0,40.714215,-73.981346
374811,507.0,40.73912601,-73.97973776
374811,507.0,40.74,-73.98
85066,3082.0,40.71167351,-73.95141312
119710,3226.0,40.78275,-73.97137
10495,3557.0,40.758,-73.944
10495,3557.0,40.75742,-73.945133
92830,3746.0,40.724308321602166,-74.004730358719826
92830,3746.0,40.725,-74.004
420473,128.0,40.72710258,-74.00297088
53546,419.0,40.69580705,-73.97355569
246674,485.0,40.75038009,-73.98338988
246674,485.0,40.749,-73.983
275545,532.0,40.710451,-73.960876
92820,3113.0,40.73026,-73.95394
92820,3113.0,40.731,-73.953
64211,3315.0,40.6847514,-73.99917254
83849,3354.0,40.668132,-73.97363831
83849,3354.0,40.668,-73.974
41592,3454.0,40.7103685423523,-73.947059512138367
31001,3514.0,40.7767,-73.927631
31001,3514.0,40.776,-73.929
30492,3544.0,40.6804836,-73.9646795
10912,3761.0,40.697842,-73.926241
2598,3910.0,40.709697,-73.907856
3817,3963.0,40.816827,-73.917338
3817,3963.0,40.818,-73.917
370142,458.0,40.752,-74.004
370142,458.0,40.751396,-74.005226
209570,473.0,40.72110063,-73.9919254
104214,510.0,40.7606597,-73.98042047
435679,3002.0,40.711512,-74.015756
11630,3546.0,40.6791944,-73.9587903
2045,4034.0,40.821728,-73.952761
207,4204.0,40.826706,-73.888719
117190,321.0,40.69991755,-73.98971773
20503,3327.0,40.7877214,-73.94728331
1938,3884.0,40.69969,-73.9022
1481,3922.0,40.807466,-73.927107
959,4087.0,40.84207,-73.926075
200,4095.0,40.83263,-73.925101
1515,4215.0,40.740057085672852,-74.0052741765976
11,4251.0,40.836705668628042,-73.926088660955429
203616,150.0,40.722,-73.98
203616,150.0,40.7208736,-73.98085795
171090,316.0,40.71,-74.007
171090,316.0,40.70955958,-74.00653609
116253,408.0,40.71076228,-73.99400398
112516,449.0,40.76461837,-73.98789473
97316,3367.0,40.7922553,-73.95249933
97316,3367.0,40.791,-73.953
9,3470.0,40.669801930896163,-73.994904756546021
3414,3631.0,40.666563,-73.956741
17679,3745.0,40.756512729849547,-73.929574862122521
6606,3893.0,40.68319988172761,-73.911666423082352
22,4287.0,40.772717,-73.906127
130146,224.0,40.71146364,-74.00552427
1718,255.0,40.646768,-74.01651
122203,352.0,40.76340613,-73.97722479
61516,396.0,40.680342423,-73.9557689392
61516,396.0,40.68034242,-73.95576894
61516,396.0,40.68,-73.956
366508,461.0,40.737,-73.983
366508,461.0,40.73587678,-73.98205027
75347,464.0,40.75934501,-73.96759673
39130,3047.0,40.6823687,-73.944118
39130,3047.0,40.683,-73.944
16687,3128.0,40.75052534,-73.94594845
114183,3360.0,40.7829391,-73.9786517
114183,3360.0,40.782,-73.98
36951,3388.0,40.6828003,-73.99990419
32945,3602.0,40.763154,-73.920827
2471,3830.0,40.68858,-73.91227
3223,3887.0,40.71246,-73.91873
3223,3887.0,40.713,-73.92
3417,4070.0,40.849972,-73.938423
946,4106.0,40.832812,-73.929372
644,4148.0,40.821967,-73.896752
261,4157.0,40.833246,-73.896599
259040,350.0,40.71559509,-73.9870295
137650,366.0,40.693261,-73.968896
396721,494.0,40.74734825,-73.99723551
396721,494.0,40.746,-73.998
16372,3449.0,40.721462562298157,-73.948009014129639
30411,3510.0,40.8078316,-73.949373
30411,3510.0,40.809,-73.95
16979,3622.0,40.809,-73.938
16979,3622.0,40.80756,-73.939182
2288,3625.0,40.7525758,-73.9364281
3800,3720.0,40.68461653897949,-73.987212851643562
18549,3775.0,40.702013,-73.923769
50287,3783.0,40.70838,-74.00495
8459,3793.0,40.732339777151054,-73.978983834385872
969,3950.0,40.809619,-73.917875
376,4160.0,40.843079,-73.900216
39,4270.0,40.754176,-73.900318