dock_id,latitude,longitude,borough,zip_code,total_docks
521,40.750673249846471,-73.994651516850368,Manhattan,10001,67.0
224,40.71146364,-74.00552427,Manhattan,10038,31.0
419,40.69580705,-73.97355569,Brooklyn,11205,25.0
454,40.75455731,-73.96592976,Manhattan,10022,35.0
337,40.7037992,-74.00838676,Manhattan,10005,37.0
340,40.71269042,-73.98776323,Manhattan,10002,28.0
491,40.740963734529309,-73.986022129874357,Manhattan,10010,53.0
270,40.69308257,-73.97178913,Brooklyn,11238,27.0
3169,40.78720869,-73.98128127,Manhattan,10024,59.0
3177,40.7867947,-73.977112,Manhattan,10024,65.0
435,40.741739693441794,-73.994155562306091,Manhattan,10011,50.0
382,40.73492695,-73.99200509,Manhattan,10003,37.0
3142,40.761227399027987,-73.960940224529992,Manhattan,10065,59.0
488,40.75645824,-73.99372222,Manhattan,10018,44.0
358,40.732915535816105,-74.007113839389461,Manhattan,10014,50.0
3461,40.714851505262523,-74.011223316192627,Manhattan,10007,35.0
523,40.754665910720966,-73.991381521334688,Manhattan,10018,54.0
414,40.70281858,-73.98765762,Brooklyn,11201-1832,24.0
510,40.7606597,-73.98042047,Manhattan,10111,52.0
281,40.764397099157911,-73.973714650605089,Manhattan,10153,66.0
352,40.76340613,-73.97722479,Manhattan,10019,39.0
3176,40.77452835,-73.98753759,Manhattan,10023,43.0
485,40.750380078810494,-73.983389876838928,Manhattan,10016,41.0
3092,40.719009499779979,-73.958525160997254,Brooklyn,11249,27.0
3285,40.78839,-73.9747,Manhattan,10024,44.0
516,40.752068618918223,-73.967843842461846,Manhattan,10017-6927,31.0
519,40.75190584288908,-73.9777450915213,Manhattan,10016,69.0
323,40.692361777950644,-73.9863174582017,Brooklyn,11201,41.0
285,40.734545669145326,-73.990741421971308,Manhattan,10003,53.0
496,40.73726185933166,-73.992389669005448,Manhattan,10003,49.0
3302,40.7969347,-73.9643412291,Manhattan,10025,23.0
3293,40.7921,-73.9739,Manhattan,10023,24.0
3171,40.78524672,-73.97667321,Manhattan,10024,39.0
502,40.714214125405633,-73.981291119204258,Manhattan,10002,31.0
477,40.756405472462014,-73.990026194496181,Manhattan,10018,62.0
236,40.72841859886519,-73.987139556910691,Manhattan,10003,47.0
161,40.729170246654718,-73.998102309707534,Manhattan,10012,36.0
297,40.734231997515714,-73.986922990116327,Manhattan,10003,27.0
3236,40.758984809405931,-73.9937996920268,Manhattan,100036,33.0
167,40.748900600657187,-73.976048826288789,Manhattan,10016,45.0
3141,40.765005247246158,-73.958184912232909,Manhattan,10029-6408,59.0
2021,40.75929124,-73.98859651,Manhattan,10036,46.0
,40.742868773121117,-73.98918628692627,Manhattan,10001-7604,
,40.677592069373759,-73.955637216568,Brooklyn,11238,
2009,40.71117444,-73.99682619,Manhattan,10038,36.0
293,40.730243933084807,-73.990904318043377,Manhattan,10003,57.0
515,40.760094375680779,-73.994618432393509,Manhattan,10036,36.0
,40.814325615698685,-73.959025499406408,Manhattan,10115,
3168,40.78472675142752,-73.969617157224278,Manhattan,10024,31.0
2017,40.75022392,-73.97121414,Manhattan,10017,39.0
3085,40.71469,-73.95739,Brooklyn,11249,26.0
537,40.74025878,-73.98409214,Manhattan,10037,42.0
3148,40.775655412918155,-73.950686144189348,Manhattan,10028,31.0
3357,40.8008363,-73.9664492472,Manhattan,10025,35.0
,40.729667308144691,-73.98067965378614,Manhattan,10009,
465,40.75513557,-73.98658032,Manhattan,10036,40.0
3134,40.76312584,-73.96526895,Manhattan,10065,51.0
530,40.771512987115379,-73.990512264078177,Manhattan,10019,36.0
3421,40.6843549,-73.98901629,Brooklyn,11217,23.0
229,40.72743423,-73.99379025,Manhattan,10012,27.0
2012,40.739445,-73.976806,Manhattan,10016,36.0
349,40.71850211,-73.98329859,Manhattan,10002,61.0
,40.78476,-73.969862,Manhattan,10024,
,40.745686,-74.005141,Manhattan,10011,
3140,40.771404248005979,-73.953516595587615,Manhattan,10021,55.0
,40.675832438558842,-73.956167694461854,Brooklyn,11238,
3289,40.790179493759808,-73.972889202292549,Manhattan,10024,35.0
276,40.71748752,-74.0104554,Manhattan,10007,26.0
427,40.70196458280229,-74.013973072901749,Manhattan,10004,48.0
,40.7671863,-73.9373554,Queens,11106,
302,40.72082834,-73.97793172,Manhattan,10009,24.0
3173,40.777507036906954,-73.988885880231976,Manhattan,10069,63.0
3233,40.757245685183783,-73.978059134309973,Manhattan,10017,39.0
,40.712460167493795,-73.9187303939206,Queens,11385,
3377,40.6786115,-73.99037292,Brooklyn,11231,26.0
3002,40.711512,-74.015756,Manhattan,10005,30.0
447,40.76370739172836,-73.985161504952771,Manhattan,10019,34.0
458,40.75139600163179,-74.005225996687756,Manhattan,10001,34.0
,40.761584,-73.925921,Queens,11106,
157,40.69089272,-73.99612349,Brooklyn,11231,23.0
3067,40.7016657,-73.9437303,Brooklyn,11207,27.0
3170,40.78499979,-73.97283406,Manhattan,10024,37.0
3428,40.740983,-74.001702,Manhattan,10017,25.0
3383,40.804213,-73.96699104,Manhattan,10025-4403,25.0
,40.756951,-73.982631,Manhattan,10019,
150,40.720873611063837,-73.98085794157295,Manhattan,10002-1013,54.0
258,40.68940747,-73.96885458,Brooklyn,11221,24.0
267,40.750977114649338,-73.9876542861167,Manhattan,10001,57.0
,40.738046142482766,-73.996429592370987,Manhattan,10011,
3121,40.74524768,-73.94733276,Queens,11101,27.0
522,40.75714758,-73.97207836,Manhattan,10022,52.0
2006,40.765909366532163,-73.976341513943865,Manhattan,10019,50.0
,40.7552433,-73.9485678,Queens,11101,
127,40.73172428,-74.00674436,Manhattan,10014,36.0
520,40.75992262,-73.97648516,Manhattan,10019,41.0
,40.756913,-73.921631,Queens,11101,
3158,40.771638522145494,-73.9826142834409,Manhattan,10023,31.0
459,40.746744997240768,-74.007755997200036,Manhattan,10011,50.0
,40.703545056910563,-73.917774903064426,Brooklyn,11237,
3062,40.695398158559648,-73.949549092955962,Brooklyn,11206,23.0
247,40.73535398,-74.00483091,Manhattan,10014,54.0
3109,40.72606,-73.95621,Brooklyn,11222,31.0
,40.7569332,-73.9262231,Queens,11106,
251,40.723179573579934,-73.994800121087877,Manhattan,10012,27.0
3443,40.761329827868138,-73.979820014890734,Manhattan,10019,41.0
3131,40.76712840349542,-73.962246179580688,Manhattan,10021,31.0
339,40.72580614,-73.97422494,Manhattan,10009:10010,30.0
3256,40.7277140777778,-74.011295735836029,Manhattan,10282,24.0
3165,40.775793063619012,-73.976202857688293,Manhattan,10023-5104,51.0
,40.7435337324616,-74.003675580024719,Manhattan,10011,
3119,40.74232745665055,-73.954117462334338,Queens,11109,47.0
3514,40.776699977420805,-73.92763104415846,Queens,11102,23.0
2000,40.702550887592736,-73.989402357891848,Brooklyn,11201-1832,32.0
311,40.717227389728656,-73.988020848194,Manhattan,10002,34.0
,40.827212,-73.942722,Manhattan,10031,
,40.707164987835448,-73.923710947581824,Brooklyn,11237,
3260,40.727063633483063,-73.996621370315538,Manhattan,10012,45.0
,40.80597300060446,-73.9649280016119,Manhattan,10025,
225,40.74195138,-74.00803013,Manhattan,100014,38.0
314,40.693859459803605,-73.990653535113026,Brooklyn,11201,41.0
489,40.75066386,-74.00176802,Manhattan,10001,37.0
3500,40.7989445,-73.944846,Manhattan,10029,31.0
3474,40.7252556952547,-74.004120826721191,Manhattan,10013,48.0
,40.724308329053109,-74.0047303508522,Manhattan,10014-3621,
3129,40.751101656456086,-73.940737171888841,Queens,11101,32.0
495,40.76269882,-73.99301222,Manhattan,10036,39.0
,40.730563,-73.973984,Manhattan,10009:10010,
3179,40.698617,-73.941342,Brooklyn,11206,23.0
3128,40.75052534,-73.94594845,Queens,11101,23.0
3524,40.7774552,-73.9225403,Queens,11105,23.0
3072,40.705833430710832,-73.946445799340438,Brooklyn,11206,24.0
3374,40.799484002827462,-73.9556130021206,Manhattan,10026,36.0
,40.70166,-73.92754,Brooklyn,11237,
3074,40.7076778697564,-73.940161722667582,Brooklyn,11206,42.0
2023,40.75968085,-73.97031366,Manhattan,10022,37.0
3297,40.6686627,-73.97988067,Brooklyn,11215,22.0
3346,40.675146806182745,-73.975232059581188,Brooklyn,11215,29.0
,40.6767000059359,-73.96902397973885,Brooklyn,11238,
3423,40.661063378736465,-73.9794525544067,Brooklyn,11215,29.0
,40.755293,-73.967641,Manhattan,10022,
3086,40.71514300816478,-73.944506995169732,Brooklyn,11211,30.0
324,40.689888,-73.981013,Brooklyn,11221,52.0
3321,40.6831164,-73.99785267,Brooklyn,11231,25.0
3043,40.6814598,-73.934903,Brooklyn,11206,23.0
3447,40.76703432309872,-73.95622730255127,Manhattan,10021,41.0
531,40.71893904,-73.99266288,Manhattan,10002,41.0
3399,40.672602981501257,-73.989830017089844,Brooklyn,11215,24.0
3137,40.77282817194925,-73.966852773014452,Manhattan,10065,31.0
3164,40.777057496494244,-73.978984753365722,Manhattan,10023,67.0
364,40.6890044298905,-73.9602385093908,Brooklyn,11221,27.0
,40.74964,-73.98805,Manhattan,10019,
3232,40.689621887903328,-73.983042687177658,Brooklyn,11231,31.0
332,40.712199065694364,-73.979481483686456,Manhattan,10002,36.0
408,40.71076228,-73.99400398,Manhattan,10002,23.0
478,40.760300964087207,-73.998842215075683,Manhattan,10018,37.0
250,40.72456089,-73.99565293,Manhattan,10012-3332,40.0
492,40.75019995,-73.99093085,Manhattan,10001,68.0
301,40.722174439456204,-73.983687787855928,Manhattan,10009,58.0
3393,40.6794327,-74.00785041,Brooklyn,11231,19.0
,40.759699959062537,-73.978081941604614,Manhattan,10111,
,40.73342399437081,-74.008514955639839,Manhattan,10014,
383,40.735238,-74.000271,Manhattan,10014,40.0
,40.6716493,-73.9631145,Brooklyn,11238,
,40.739448201304043,-74.005070328712463,Manhattan,100014,
82,40.711174146146909,-74.000165459846258,Manhattan,10038,28.0
3244,40.731437238885796,-73.9949034158759,Manhattan,10012,42.0
545,40.736502004173374,-73.978094710825985,Manhattan,10010,28.0
,40.77515953434235,-73.989186957478523,Manhattan,10069,
534,40.70255065,-74.0127234,Manhattan,10004,32.0
3066,40.69957608,-73.94708417,Brooklyn,11216,19.0
303,40.72362738,-73.99949601,Manhattan,10012,67.0
3046,40.682601,-73.938037,Brooklyn,11216,19.0
434,40.7431744892493,-74.00366443144371,Manhattan,10019,28.0
486,40.7462009,-73.98855723,Manhattan,10019,41.0
3527,40.80698,-73.941747,Manhattan,10035,27.0
,40.7425200338481,-73.948852080953358,Queens,11101,
,40.820036,-73.921411,The Bronx,10451,
,40.803865354678052,-73.9559308036241,Manhattan,10026,
,40.7449067,-73.9534573,Queens,11101,
3082,40.71167351,-73.95141312,Brooklyn,11211,26.0
467,40.68312489,-73.97895137,Brooklyn,11213,35.0
3422,40.6859296,-74.00242364,Brooklyn,11231,21.0
3367,40.792255261303531,-73.952499345433893,Manhattan,10029,39.0
,40.699569,-73.979827,Brooklyn,11251,
,40.725065510154749,-73.975158333778381,Manhattan,10009,
3368,40.6728155,-73.98352355,Brooklyn,11215,31.0
,40.766740561495261,-73.979069003262765,Manhattan,10019,
3304,40.668127,-73.98377641,Brooklyn,11215,27.0
3156,40.766638141892159,-73.953482957474591,Manhattan,10021,39.0
3513,40.774645,-73.923706,Queens,11106,21.0
,40.676969401123337,-73.965789970998529,Brooklyn,11216,
,40.70068,-73.90742,Queens,11385,
,40.7519071,-73.9479119,Queens,11101,
3160,40.77896784,-73.97374737,Manhattan,10023-5104,40.0
,40.7531106,-73.9279917,Queens,11101,
3255,40.750585353956282,-73.994684816951874,Manhattan,10001,67.0
,40.695356933202248,-73.993440270423889,Brooklyn,11201,
,40.69385,-73.90974,Brooklyn,11221,
3537,40.6809741,-73.9710097,Brooklyn,11238,29.0
,40.7633589,-73.9286471,Queens,11106,
3126,40.747182323602537,-73.94326351021428,Queens,11101,34.0
3415,40.6793307,-73.97519523,Brooklyn,11217,26.0
282,40.707748365354554,-73.968403028389474,Brooklyn,11249,28.0
,40.709897,-73.94008,Brooklyn,11211,
3335,40.6772744,-73.98282002,Brooklyn,11215,28.0
3301,40.79195568586411,-73.968086998713162,Manhattan,10025,39.0
,40.70108,-73.9179,Brooklyn,11237,
3350,40.797372092962441,-73.970411931122385,Manhattan,10025,39.0
295,40.71406667,-73.99293911,Manhattan,10002,24.0
,40.771771,-73.990625,Manhattan,10019,
3384,40.6787242,-73.99599099,Brooklyn,11231,25.0
3087,40.71413311,-73.95234386,Brooklyn,11211,36.0
173,40.760674427244716,-73.9845028812986,Manhattan,10036,56.0
3417,40.67957660709142,-73.978549734290524,Brooklyn,11217,27.0
418,40.70224,-73.982578,Brooklyn,11201,23.0
216,40.70037867,-73.99548059,Brooklyn,11201-1832,23.0
404,40.7405826,-74.00550867,Manhattan,10014,42.0
357,40.73261787,-73.99158043,Manhattan,10003,27.0
79,40.719115518193227,-74.006666615214328,Manhattan,10014,35.0
306,40.70823502,-74.00530063,Manhattan,10038,38.0
512,40.7500727,-73.99839279,Manhattan,10001,28.0
232,40.69597683,-73.99014892,Brooklyn,11201,24.0
433,40.72955361,-73.98057249,Manhattan,10009,47.0
116,40.741776033949371,-74.001497458394851,Manhattan,10011,39.0
263,40.717332103180979,-73.996353922154128,Manhattan,10013,45.0
291,40.713126,-73.984844,Manhattan,10002,20.0
513,40.768253994150385,-73.988639001684,Manhattan,10019,31.0
329,40.720397190030511,-74.010226907842977,Manhattan,10013,33.0
407,40.700469,-73.991454,Brooklyn,11201,43.0
137,40.761628,-73.972924,Manhattan,10022,49.0
546,40.744449200408923,-73.983035289766448,Manhattan,10016,45.0
290,40.76020258,-73.96478473,Manhattan,10035,30.0
475,40.73524276,-73.98758561,Manhattan,10003,37.0
411,40.722280868328653,-73.976687091862,Manhattan,10009,31.0
330,40.71450451,-74.00562789,Manhattan,10013,40.0
266,40.72368361,-73.97574813,Manhattan,10009:10010,30.0
443,40.70853074,-73.96408963,Brooklyn,11249,25.0
289,40.6845683,-73.95881081,Brooklyn,11221,19.0
218,40.69028437,-73.98707105,Brooklyn,11201,39.0
313,40.69610226,-73.96751037,Brooklyn,11238,23.0
421,40.69573398,-73.97129668,Brooklyn,11238,19.0
431,40.68864636,-73.98263429,Brooklyn,11201,30.0
2005,40.70531194,-73.97100056,Brooklyn,11251,12.0
3054,40.6894932,-73.942061,Brooklyn,11221,20.0
3102,40.72179134,-73.9504154,Brooklyn,11211,27.0
,40.6466068,-74.01597,Brooklyn,11220,
3108,40.725569987547651,-73.944339992572282,Brooklyn,11222,51.0
3017,40.751483,-73.996764,Manhattan,10001,4.0
3136,40.7663860830547,-73.971512427134869,Manhattan,10035,47.0
3144,40.77677702,-73.9590097,Manhattan,10028,47.0
3427,40.724305272503322,-73.996009826660156,Manhattan,10012-3332,40.0
3161,40.780183964259187,-73.977285323559556,Manhattan,10023,59.0
3238,40.773913902381182,-73.9543953537941,Manhattan,10075,37.0
3410,40.6864442,-73.98759104,Brooklyn,11217,31.0
3181,40.692609,-74.016398,Manhattan,10004,23.0
3408,40.6881529,-73.99520919,Brooklyn,11201,27.0
3180,40.69878,-73.99712,Brooklyn,11201,33.0
,40.716633,-73.981933,Manhattan,10002-1013,
3234,40.751593684511121,-73.98043155670166,Manhattan,10017,55.0
3014,40.722852,-73.959114,Brooklyn,11249,3.0
3115,40.73232194,-73.9550858,Brooklyn,11222,51.0
3079,40.71103537,-73.94714303,Brooklyn,11222,24.0
3065,40.70029511,-73.95032283,Brooklyn,11211,34.0
3359,40.7691572,-73.96703464,Manhattan,10021,35.0
3057,40.691282598061939,-73.94524156874121,Brooklyn,11221,18.0
3305,40.781122323752754,-73.949655900035367,Manhattan,10128,39.0
3222,40.685159599891776,-73.977113664150238,Brooklyn,11227,39.0
3154,40.77314236,-73.95856158,Manhattan,10075,51.0
3386,40.6809591,-73.99905709,Brooklyn,11231,29.0
3436,40.721319,-74.010065,Manhattan,10013,31.0
3106,40.723249983248,-73.943080012329446,Brooklyn,11222,47.0
3389,40.6830456,-74.00348559,Brooklyn,11231,29.0
3071,40.70538077,-73.94976519,Brooklyn,11206,19.0
3397,40.6763947,-73.99869893,Brooklyn,11231,25.0
3073,40.70691254,-73.95441667,Brooklyn,11249,27.0
3100,40.724812573134358,-73.947526191986157,Brooklyn,11222,53.0
3123,40.744697437986993,-73.935403732026813,Queens,11101,27.0
3445,40.791811715010972,-73.9786022901535,Manhattan,10024,39.0
3400,40.796153535804422,-73.947821415255092,Manhattan,10029,24.0
3264,40.764210071690641,-73.969104588031769,Manhattan,10065,47.0
3298,40.686371,-73.99383324,Brooklyn,11201,23.0
3253,40.67280641227746,-73.968865871429443,Brooklyn,11238,3.0
3538,40.802692,-73.96295,Manhattan,10025,45.0
3149,40.77517793,-73.95324922,Manhattan,10028,27.0
3405,40.6704836,-73.98208968,Brooklyn,11215,23.0
3246,40.694281185904565,-73.9923003129979,Brooklyn,11201,39.0
3330,40.6725058,-74.00494695,Brooklyn,11231,19.0
3318,40.7839636,-73.9471673,Manhattan,10128,39.0
3315,40.6847514,-73.99917254,Brooklyn,11231,23.0
3504,40.8029263,-73.9379,Manhattan,10035,28.0
3337,40.673635513415043,-74.011955559253693,Brooklyn,11231,24.0
3056,40.690725526837674,-73.951334611424087,Brooklyn,11216,23.0
3091,40.71764,-73.94882,Brooklyn,11222,37.0
3049,40.68488,-73.96304,Brooklyn,11238,19.0
3371,40.674613422475815,-73.985011428594589,Brooklyn,11215,27.0
,40.646768,-74.01651,Brooklyn,11220,
3462,40.751183874632773,-73.971387147903442,Manhattan,10017,39.0
3317,40.6686273,-73.98700053,Brooklyn,11215,24.0
3479,40.685125595154148,-74.025353193283081,Manhattan,10004,45.0
3356,40.7746671189432,-73.984705688395039,Manhattan,10023,21.0
3308,40.6861758,-73.99645295,Brooklyn,11231,27.0
,40.7628138,-73.9342862,Queens,11101,
3489,40.710699946313873,-74.003541469573975,Manhattan,10038,32.0
3070,40.70510918,-73.94407279,Brooklyn,11206,23.0
3401,40.6724811,-73.99331394,Brooklyn,11231,20.0
3370,40.772796603491905,-73.955778013811056,Manhattan,10075,25.0
3324,40.6685455,-73.99333264,Brooklyn,11215,25.0
3510,40.807831638419046,-73.949373020616846,Manhattan,10027,31.0
3530,40.7787185,-73.9145645,Queens,11102,19.0
,40.8109494,-73.9634,Manhattan,10027,
3503,40.80295,-73.942954,Manhattan,10037,30.0
3369,40.772460697672628,-73.94682079953003,Manhattan,10028,29.0
,40.66314,-73.9605695,Brooklyn,11225,
3501,40.8014866,-73.9442507,Manhattan,10035,29.0
3525,40.776165,-73.9153175,Queens,11105,21.0
3535,40.804038,-73.945925,Manhattan,10027,27.0
3342,40.6777748,-74.0094613,Brooklyn,112321,23.0
3516,40.7699176,-73.9184057,Queens,11102,31.0
,40.6777747,-73.9529322,Brooklyn,11216,
,40.6627059,-73.9569115,Brooklyn,11225,
,40.787285198609517,-73.950122594833374,Manhattan,10029,
3495,40.7945663,-73.9362541,Manhattan,10029,26.0
,40.760339,-73.9222427,Queens,11106,
,40.7601853,-73.9362726,Queens,11106,
,40.795508,-73.941606,Manhattan,10029,
3252,40.675349530674119,-74.010020345449448,Brooklyn,11231,3.0
,40.7596276,-73.9321455,Queens,11106,
3536,40.8082,-73.9641,Manhattan,10027,43.0
3511,40.802535,-73.9532423,Manhattan,10026,22.0
3296,40.782454175279874,-73.9489196240902,Manhattan,10128,42.0
,40.7627442,-73.9391141,Queens,11106,
3478,40.657088624208583,-74.00870209036087,Brooklyn,11232,43.0
3257,40.773768670228741,-73.971169888973236,Manhattan,10023-5104,3.0
,40.7580582962864,-73.92427501877826,Queens,11106,
,40.813358,-73.956461,Manhattan,10027-4840,
,40.754120830003224,-73.980251843190842,Manhattan,10017,
,40.741021509002657,-74.001384973526,Manhattan,10011,
,40.818477,-73.947568,Manhattan,10030,
,40.711444,-74.014847,Manhattan,10281,
,40.742751796489948,-73.9847157150507,Manhattan,10001-7604,
,40.6758329439129,-74.014726281166077,Brooklyn,112321,
,40.68663,-73.9168,Brooklyn,11221,
,40.752694,-74.002353,Manhattan,10001,
,40.704508,-73.9351,Brooklyn,11206,
,40.7437524099784,-73.941764831542969,Queens,11101,
,40.70553,-73.9096,Queens,11385,
,40.69047,-73.923511,Brooklyn,11221,
,40.69081,-73.90448,Brooklyn,11207,
,40.68822,-73.91966,Brooklyn,11221,
,40.783786,-73.981687,Manhattan,10024,
,40.72984014820495,-73.948389822409609,Brooklyn,11222,
,40.719383,-73.991479,Manhattan,10002,
,40.690648070829432,-73.957461789250374,Brooklyn,11205,
,40.72387,-73.975767,Manhattan,10009,
,40.752474,-73.939991,Queens,11101,
,40.671907,-73.993612,Brooklyn,11215,
,40.71882,-73.93948,Brooklyn,11211,
,40.72158,-73.94546,Brooklyn,11222,
,40.69544,-73.93223,Brooklyn,11221,
,40.700003,-73.92834,Brooklyn,11221,
,40.68458,-73.90925,Brooklyn,11207,
,40.7576314,-73.9391224,Queens,11101,
,40.7611488,-73.9170071,Queens,11103,
,40.735918,-74.000939,Manhattan,10014,
,40.81296,-73.941878,Manhattan,10030,
,40.823168,-73.955857,Manhattan,10031,
,40.70577,-73.91292,Queens,11385,
,40.702461,-73.986842,Brooklyn,11201-1832,
,40.752643,-73.974996,Manhattan,10017,
,40.76408932350688,-73.910651206970215,Queens,11103,
,40.6630619,-73.9538746,Brooklyn,11225,
,40.666563,-73.956741,Brooklyn,11225,
,40.73269,-73.98974,Manhattan,10003,
,40.824796,-73.90242,The Bronx,10456,
,40.822351,-73.926907,The Bronx,10451,
,40.819701,-73.901311,The Bronx,10459,
,40.827305,-73.951989,Manhattan,10031,
,40.812299,-73.92037,The Bronx,10454,
,40.74714,-73.97113,Manhattan,10017-6927,
,40.823732,-73.919379,The Bronx,10451,
,40.705517,-73.93936,Brooklyn,11206,
,40.84522,-73.940493,Manhattan,10032,
,40.840484,-73.917946,The Bronx,10452,
,40.820877,-73.939249,Manhattan,10030,
,40.812769,-73.901583,The Bronx,10455,
,40.709070386614009,-73.921570594471021,Brooklyn,11237,
,40.696232971293163,-73.991420567035675,Brooklyn,11231,
,40.782593,-73.971211,Manhattan,10024,
,40.756512729849547,-73.929574862122521,Queens,11106,
,40.827883,-73.927111,The Bronx,10451:10455,
,40.820681,-73.945144,Manhattan,10031,
,40.762009,-73.996975,Manhattan,10018,
,40.697481,-73.935877,Brooklyn,11206,
,40.8428422,-73.9421253,Manhattan,10032,
,40.69905,-73.91516,Brooklyn,11237,
,40.70437,-74.00637,Manhattan,10005,
,40.726869515282068,-73.989190310239792,Manhattan,10003,
,40.822756,-73.951346,Manhattan,10031,
,40.761293897289086,-73.916916847229,Queens,11369,
,40.819783,-73.936521,Manhattan,10037,
,40.823061,-73.941928,Manhattan,10039,
,40.79346,-73.92389,Manhattan,10454-4606,
,40.6972,-73.90674,Queens,11385,
,40.83094,-73.91125,The Bronx,10456,
,40.817166,-73.914737,The Bronx,10455,
,40.75370225419114,-73.958652019500718,Manhattan,11109,
,40.8190344,-73.956156,Manhattan,10027-4840,
,40.806896,-73.911837,The Bronx,10454,
,40.808891,-73.91081,The Bronx,10454,
,40.80838418160377,-73.923603821933966,The Bronx,10454,
,40.806414,-73.936085,Manhattan,10035,
,40.763422,-73.914142,Queens,11103,
,40.830663,-73.941323,Manhattan,10032,
,40.706860038588758,-73.928510135060648,Brooklyn,11237,
,40.824956,-73.891677,The Bronx,10472,
,40.811113938864629,-73.9149299650655,The Bronx,10454,
,40.83171,-73.90208,The Bronx,10456,
,40.69122,-73.91693,Brooklyn,11221,
,40.82696,-73.907451,The Bronx,10456,
,40.762507,-73.902534,Queens,11377,
,40.830051,-73.892103,The Bronx,10459,
,40.820089,-73.928947,The Bronx,10451,
,40.816124,-73.908116,The Bronx,10455,
,40.821728,-73.952761,Manhattan,10031,
,40.773015082913822,-73.911190330982208,Queens,11101,
,40.84301,-73.91172,The Bronx,10453,
,40.814383,-73.915368,The Bronx,10455,
,40.837576,-73.910489,The Bronx,10456,
,40.805631,-73.934077,Manhattan,10035,
,40.683222541615947,-73.9738118648529,Brooklyn,11217,
,40.819609,-73.916071,The Bronx,10455,
,40.800425,-73.911034,The Bronx,10454,
,40.817802,-73.905203,The Bronx,10455-1201,
,40.830529,-73.894717,The Bronx,10459,
,40.833246,-73.896599,The Bronx,10456,
,40.820713,-73.911759,The Bronx,10451,
,40.807347437082,-73.908097743988037,The Bronx,10454,
,40.825289,-73.936232,Manhattan,10039,
,40.826677,-73.929327,The Bronx,10451,
,40.842173,-73.935111,Manhattan,10032,
,40.836103,-73.907199,The Bronx,10456,
,40.832678,-73.905158,The Bronx,10456,
,40.822215,-73.914688,The Bronx,10451,
,40.833303,-73.939326,Manhattan,10032,
,40.831998,-73.892686,The Bronx,10459,
,40.823429,-73.924689,The Bronx,10451:10455,
,40.830702,-73.936371,Manhattan,10039,
,40.832171,-73.889686,The Bronx,10460,
,40.818212,-73.955277,Manhattan,10027,
,40.842675,-73.908544,The Bronx,10457,
,40.847396,-73.931205,Manhattan,10040,
,40.817755,-73.92965,The Bronx,10451,
,40.832649,-73.885272,The Bronx,10460,
,40.821967,-73.896752,The Bronx,10459,
,40.839229,-73.899047,The Bronx,10457,
,40.812733371491888,-73.923695455686868,The Bronx,10454,
,40.818154,-73.925294,The Bronx,10455,
,40.838379,-73.905838,The Bronx,10457,
,40.827301,-73.896372,The Bronx,10459,
,40.826303,-73.898751,The Bronx,10459,
,40.823872,-73.908699,The Bronx,10456,
,40.83579,-73.913741,The Bronx,10456,
3229,40.680617684554512,-73.946249485015869,Brooklyn,11216,20.0
,40.7303801,-73.9747502,Manhattan,10009,
,40.830471,-73.904556,The Bronx,10456,
,40.67630357634183,-74.003140479326248,Brooklyn,11231,
,40.82809,-73.91288,The Bronx,10456,
,40.843079,-73.900216,The Bronx,10457,
,40.757334,-73.974235,Manhattan,10037,
,40.767666,-73.910963,Queens,11103,
,40.725208,-73.974724,Manhattan,10009,
,40.772768286288304,-73.927436470985413,Queens,11102,
,40.80262,-73.9174,The Bronx,10454,
,40.816567,-73.888161,The Bronx,10474,
,40.783956,-73.916894,Queens,11105,
,40.656595674820387,-74.008492827415466,Brooklyn,11232,
,40.754176,-73.900318,Queens,11377,
,40.830025,-73.886312,The Bronx,10459,
,40.840124,-73.93949,Manhattan,10031,
,40.753091,-73.920603,Queens,11101,
,40.6661649,-73.9593484,Brooklyn,11213,
,40.716909780459652,-73.983837962150574,Manhattan,10002,
3036,40.762660237864658,-73.9589037639754,Queens County,,2.0
,40.757525,-73.901614,Queens,11369,
,40.818725699901158,-73.888624906539917,The Bronx,10474,
,40.836705668628042,-73.926088660955429,The Bronx,10452,
,40.754795,-73.917014,Queens,11101,
,0.0,0.0,,,
,40.707731483954696,-73.934522867202759,Brooklyn,11206,
,40.81413,-73.953005,Manhattan,10027,
,40.644512,-74.021506,Brooklyn,11220,
,40.836733,-73.887931,The Bronx,10460,
,40.755389,-73.911517,Queens,11373,
,40.7903,-73.9597,Manhattan,10025,
,0.0,0.0,,,
3385,40.7898175,-73.94296109,Manhattan,10029,31.0
2004,40.724399,-74.004704,Manhattan,10014-3621,39.0
128,40.72710258,-74.00297088,Manhattan,10012,32.0
468,40.76526538334344,-73.981923394171659,Manhattan,10019,65.0
507,40.739126012331809,-73.979737760699663,Manhattan,10010,49.0
493,40.7568001,-73.98291153,Manhattan,10036,35.0
174,40.738176486502823,-73.977386615564612,Manhattan,10010,30.0
490,40.75155100227353,-73.9939340053977,Manhattan,10001,66.0
3172,40.7785669,-73.97754961,Manhattan,10023,27.0
448,40.756603608838958,-73.997900901336976,Manhattan,10018,31.0
,40.7527085,-73.9397405,Queens,11101,
,40.7485,-73.941275,Queens,11101,
385,40.75797322,-73.96603308,Manhattan,10022,33.0
499,40.769155054415776,-73.981918415652459,Manhattan,10023,38.0
536,40.741443865379395,-73.975360815645161,Manhattan,10016,31.0
438,40.72779126,-73.98564945,Manhattan,10003,47.0
494,40.747348233007777,-73.99723551963497,Manhattan,10011,66.0
331,40.711731079978605,-73.991930430547086,Manhattan,10002,27.0
3223,40.758996559605123,-73.968653976917267,Manhattan,10022,63.0
439,40.7262807,-73.98978041,Manhattan,10009,39.0
426,40.7175483420913,-74.013220689682029,Manhattan,10282,36.0
395,40.68807003,-73.98410637,Brooklyn,11217,30.0
317,40.72453734,-73.98185424,Manhattan,10009,54.0
497,40.737049839934379,-73.990092958561021,Manhattan,10003,66.0
3286,40.780628417294814,-73.952166710507271,Manhattan,10128,40.0
243,40.688208131116973,-73.979230119870522,Brooklyn,11207,31.0
3068,40.7031724,-73.940636,Brooklyn,11211,42.0
504,40.732218527360459,-73.981655572912288,Manhattan,10003,53.0
3463,40.7353670454346,-73.987973936085439,Manhattan,10003,37.0
3259,40.749370241932773,-73.999233841896057,Manhattan,10001,27.0
440,40.752554337474741,-73.972826255346973,Manhattan,10017,33.0
415,40.7047177,-74.00926027,Manhattan,10038,44.0
470,40.74345335,-74.00004031,Manhattan,10011,72.0
3143,40.776460151494938,-73.964168292885816,Manhattan,10035,48.0
3521,40.7987859,-73.9523,Manhattan,10037,36.0
239,40.69196566025883,-73.9813017901882,Brooklyn,11201,32.0
307,40.71427487,-73.98990025,Manhattan,10002,31.0
3366,40.8021174,-73.9681805305,Manhattan,10025-4403,31.0
,40.70113,-73.91422,Brooklyn,11237,
3166,40.780577999575272,-73.98562431585691,Manhattan,10023,42.0
3345,40.78948538878236,-73.9524293048636,Manhattan,10029,35.0
355,40.71602118,-73.99974372,Manhattan,10013,43.0
3332,40.681990442707033,-73.990790247917175,Brooklyn,11217,19.0
517,40.751601656580974,-73.9780113922285,Manhattan,10016,69.0
508,40.763413794525135,-73.996674450232376,Manhattan,10036,25.0
428,40.72467721,-73.98783413,Manhattan,10009,31.0
442,40.746647,-73.993915,Manhattan,10001,52.0
262,40.691782302742276,-73.973729898628818,Brooklyn,11205,25.0
3307,40.794165397850271,-73.97412399838835,Manhattan,10025,31.0
3329,40.6829151,-73.99318208,Brooklyn,11217,27.0
326,40.72953837,-73.98426726,Manhattan,10009,41.0
3226,40.78275,-73.97137,Manhattan,10024,45.0
401,40.720195756473117,-73.989978247114649,Manhattan,10002,45.0
328,40.72405549,-74.00965965,Manhattan,10005,26.0
3130,40.75325964,-73.94335788,Queens,11101,31.0
3424,40.791976,-73.945993,Manhattan,10029,29.0
3312,40.78172120390586,-73.945940014850081,Manhattan,10128,39.0
309,40.7149787,-74.013012,Manhattan,10282,42.0
,40.734813991784577,-73.992084999142122,Manhattan,10003,
3336,40.787801002330376,-73.953558993453868,Manhattan,10129,41.0
3064,40.69681963,-73.93756926,Brooklyn,11237,23.0
168,40.73971301,-73.99456405,Manhattan,10011,47.0
248,40.72185379,-74.00771779,Manhattan,10013,24.0
,40.7557327,-73.9236611,Queens,11101,
223,40.73781509,-73.99994661,Manhattan,10011,36.0
3497,40.7949879,-73.9333349,Manhattan,10035,23.0
153,40.752062307173887,-73.981632404050671,Manhattan,10016,59.0
396,40.680342417474577,-73.955768942909842,Brooklyn,11238,25.0
351,40.70530954,-74.00612572,Manhattan,10045,42.0
,40.76108,-73.930562,Queens,11106,
312,40.722055,-73.989111,Manhattan,10002,31.0
3314,40.7937704,-73.971888,Manhattan,10025,32.0
257,40.719392258400617,-74.0024721339976,Manhattan,10003,41.0
3175,40.77748045114182,-73.982885940682451,Manhattan,10023,31.0
3283,40.7882213,-73.97041561,Manhattan,10024,49.0
450,40.762272042954116,-73.987882056192319,Manhattan,10036,67.0
,40.735445,-73.99431,Manhattan,10011,
3522,40.7701477,-73.9120938,Queens,11101,19.0
472,40.745712100686148,-73.981948292506516,Manhattan,10016,57.0
392,40.695065,-73.987167,Brooklyn,11201-1832,35.0
503,40.738274271947091,-73.987519689354983,Manhattan,10003,31.0
,40.742684734875695,-73.986713290214539,Manhattan,10010,
3364,40.6751622,-73.9814832,Brooklyn,11215,27.0
252,40.73226398,-73.99852205,Manhattan,10011-6832,35.0
72,40.767272158968005,-73.993928884061532,Manhattan,10019,55.0
3241,40.686203,-73.944694,Brooklyn,11216,19.0
376,40.70862144,-74.00722156,Manhattan,10038,46.0
3295,40.791269998126388,-73.964839001117213,Manhattan,10025,59.0
356,40.71622644,-73.98261206,Manhattan,10002,24.0
2008,40.705692543946988,-74.016776847654839,Manhattan,10280,26.0
3050,40.6851532,-73.94111,Brooklyn,11221,21.0
,40.751047,-73.93797,Queens,11101,
3354,40.668131996851557,-73.973638318627,Brooklyn,11215,31.0
474,40.745167702455781,-73.986830767548724,Manhattan,10035,57.0
3042,40.6794268,-73.9298911,Brooklyn,11207,20.0
368,40.73038599,-74.00214988,Manhattan,10014,39.0
471,40.71286844,-73.95698119,Brooklyn,11211,32.0
,40.720747,-73.986274,Manhattan,10002,
3402,40.690237476068447,-73.992030739405536,Brooklyn,11201,23.0
3290,40.777945316434753,-73.9460410149435,Manhattan,10128,35.0
417,40.71291224,-74.01020234,Manhattan,10007,25.0
254,40.73532427,-73.99800419,Manhattan,10014,59.0
410,40.72066442,-73.98517977,Manhattan,10002,45.0
372,40.694539311636923,-73.958041878986464,Brooklyn,11225,27.0
3416,40.677614689802077,-73.973242842561518,Brooklyn,11217,25.0
3249,40.6803560840434,-73.9476791024208,Brooklyn,11216,19.0
3150,40.77536905,-73.94803392,Manhattan,10028,55.0
369,40.73224119,-74.00026394,Manhattan,10011,35.0
,40.69943,-73.91337,Brooklyn,11237,
3231,40.767800789910559,-73.965920792626363,Manhattan,10065,59.0
3529,40.8107922,-73.9430681,Manhattan,10027,25.0
,40.759124976937265,-73.962657986510877,Manhattan,10022,
362,40.751726322935689,-73.98753524571211,Manhattan,10018,59.0
334,40.742387873439476,-73.997262354144766,Manhattan,10011,31.0
436,40.68216564,-73.95399026,Brooklyn,11233,27.0
,40.742948916600909,-74.004136919975281,Manhattan,10011,
3235,40.752165280621966,-73.979921936988816,Manhattan,10017,31.0
3477,40.655399774478312,-74.010627865791321,Brooklyn,11232,33.0
389,40.71044554,-73.96525063,Brooklyn,11207,27.0
3351,40.7869946,-73.94164802,Manhattan,10029,25.0
479,40.760192522076949,-73.991255101916,Manhattan,10036,34.0
242,40.697802802844429,-73.973697903117312,Brooklyn,11205,24.0
3361,40.6740886,-73.9787282,Brooklyn,11215,23.0
487,40.733142592759528,-73.975738814059085,Manhattan,,38.0
3499,40.8006721,-73.9349,Manhattan,10035,25.0
3438,40.772248537721744,-73.958421349525452,Manhattan,10021,31.0
3518,40.808442,-73.9452087,Manhattan,10037,34.0
390,40.692215887864229,-73.984284387293627,Brooklyn,11201,31.0
,40.7725996921817,-73.932662755250931,Queens,11102,
,40.68858,-73.91227,Brooklyn,11207,
,40.754920002262629,-73.984550041010266,Manhattan,10036,
,40.7475739589548,-73.9788007736206,Manhattan,10037,
253,40.73543934,-73.99453948,Manhattan,10011,55.0
3081,40.711863,-73.944024,Brooklyn,11206,29.0
3310,40.663779,-73.98396846,Brooklyn,11215,24.0
,40.71816970844538,-73.955201370976184,Brooklyn,11211,
3362,40.7781314,-73.96069399,Manhattan,10028,34.0
,40.727464206923919,-73.979504182934761,Manhattan,10009,
,40.75461,-73.99177,Manhattan,10018,
3388,40.6828003,-73.99990419,Brooklyn,11231,25.0
3147,40.778012052339122,-73.954071465772415,Manhattan,10028,39.0
366,40.693261,-73.968896,Brooklyn,11205,34.0
,40.69543,-73.9196,Brooklyn,11221,
3052,40.686312,-73.935775,Brooklyn,11221,24.0
3152,40.76873687,-73.96119945,Manhattan,10021,43.0
,40.68906,-73.90506,Brooklyn,11207,
526,40.747659478738349,-73.984907077124362,Manhattan,10001,59.0
373,40.69331716,-73.95381995,Brooklyn,11205,19.0
,40.7675487799971,-73.9209334552288,Queens,11101,
260,40.703651823478111,-74.0116779832063,Manhattan,10004,35.0
3178,40.784144737994538,-73.983624906852086,Manhattan,10024,59.0
3094,40.7169811,-73.94485918,Brooklyn,11211,18.0
,40.70555,-73.90245,Queens,11385,
3162,40.78339981,-73.98093133,Manhattan,10024,39.0
3282,40.783069995059748,-73.959389998199356,Manhattan,10028,38.0
217,40.70277159,-73.99383605,Brooklyn,11201-1832,40.0
,40.763189105883569,-73.978434211767137,Manhattan,10019,
3403,40.6705135,-73.98876585,Brooklyn,11215,32.0
2010,40.721660722813745,-74.002351819301154,Manhattan,10013,41.0
,40.7577284,-73.9166368,Queens,11101,
3508,40.809725,-73.953149,Manhattan,10027,32.0
3145,40.778626883367409,-73.957720741545458,Manhattan,10028,59.0
461,40.735876783064647,-73.98205027259128,Manhattan,10003,56.0
460,40.712858870710463,-73.965902935454537,Brooklyn,11211,25.0
,40.8120562,-73.9612547,Manhattan,10115,
,40.702831,-73.9333,Brooklyn,11206,
3093,40.717451682724366,-73.958509392458865,Brooklyn,11211,28.0
,40.720195214374648,-74.0103006362915,Manhattan,10013,
,40.75863,-73.97513,Manhattan,10022,
,40.6804836,-73.9646795,Brooklyn,11238,
,40.774779448957283,-73.954274654388428,Manhattan,10028,
275,40.68650065,-73.96563307,Brooklyn,11238,19.0
,40.7595701,-73.9142678,Queens,11103,
316,40.709559582574187,-74.006536092711471,Manhattan,10038,43.0
3075,40.70708701,-73.95796783,Brooklyn,11249,33.0
3322,40.668602969245676,-73.990439326587449,Brooklyn,11215,26.0
3242,40.691029269015523,-73.991833629321022,Brooklyn,11217,39.0
509,40.745497301201453,-74.0019713876784,Manhattan,100014,63.0
,40.758397,-73.98255,Manhattan,10111,
,40.714193,-73.996732,Manhattan,10002,
,40.7423737,-73.9566,Queens,11109,
3105,40.724055,-73.955736,Brooklyn,11222,24.0
2022,40.758910054280094,-73.959217631834491,Manhattan,10155,35.0
,40.763604682757162,-73.989179579223929,Manhattan,10019,
3429,40.685068073081773,-73.977907598018632,Brooklyn,11217,39.0
228,40.754601102537386,-73.971878855121133,Manhattan,10017,56.0
,40.6686744,-73.9618148,Brooklyn,11225,
539,40.71534825,-73.96024116,Brooklyn,11249,31.0
,40.6741806,-73.9564947,Brooklyn,11216,
,40.702997,-73.92997,Brooklyn,11237,
3153,40.768175467422452,-73.959102630615234,Manhattan,10021,37.0
3294,40.7835016,-73.955327,Manhattan,10128,38.0
,40.743366080270206,-73.959606885910034,Queens,11109,
,40.693,-73.90824,Brooklyn,11237,
,40.737561211811368,-74.003982692956924,Manhattan,10014,
,40.777553742988871,-73.955127596855164,Manhattan,10028,
3076,40.70870368,-73.9448625,Brooklyn,11206,36.0
,40.66407983678161,-73.960251286666789,Brooklyn,11225,
,40.672695042739235,-73.954130962959326,Brooklyn,11216,
,40.826969,-73.949738,Manhattan,10031,
,40.770845,-73.934171,Queens,11106,
345,40.73649403,-73.99704374,Manhattan,10011,35.0
386,40.71494807,-74.00234482,Manhattan,10278,43.0
244,40.69196035,-73.96536851,Brooklyn,11205,32.0
446,40.74487634,-73.99529885,Manhattan,10011,47.0
473,40.72110063,-73.9919254,Manhattan,10012-3332,45.0
294,40.73049393,-73.9957214,Manhattan,10012,32.0
300,40.728145,-73.990214,Manhattan,10003,56.0
464,40.75934501,-73.96759673,Manhattan,10022,63.0
466,40.74395411,-73.99144871,Manhattan,10001,39.0
325,40.73624527,-73.98473765,Manhattan,10003,36.0
147,40.71542197,-74.01121978,Manhattan,10014,33.0
318,40.75320159,-73.9779874,Manhattan,10037,31.0
384,40.683085314495706,-73.965215827153415,Brooklyn,11238,31.0
423,40.7658494160275,-73.986905055258717,Manhattan,10019,39.0
453,40.744751486448749,-73.999153614041418,Manhattan,10011,66.0
261,40.69474881,-73.98362464,Brooklyn,11201,27.0
416,40.68753406,-73.97265183,Brooklyn,11238,31.0
274,40.686918625124555,-73.976682008610865,Brooklyn,11217,36.0
480,40.766696711186782,-73.990617285410607,Manhattan,10019,28.0
367,40.75828065,-73.97069431,Manhattan,,34.0
400,40.71926081,-73.98178024,Manhattan,10002-1013,15.0
249,40.718709872275056,-74.009000907834476,Manhattan,10013,27.0
120,40.68676793,-73.95928168,Brooklyn,11221,19.0
3453,40.713352255811735,-73.949103371741515,Brooklyn,11211,19.0
3412,40.685376129263595,-73.983021358998158,Brooklyn,11217,27.0
3132,40.7635053236996,-73.971092429308754,Manhattan,10022,35.0
3155,40.76440023,-73.96648977,Manhattan,10021,40.0
3103,40.72153267,-73.95782357,Brooklyn,11211,27.0
3107,40.72311650166845,-73.9521232465425,Brooklyn,11222,40.0
3360,40.78293909177556,-73.978651711808126,Manhattan,10023,25.0
3104,40.72057658,-73.96150225,Brooklyn,11249,47.0
3133,40.767342900137947,-73.964860368013447,Manhattan,10037,59.0
3440,40.692418292578473,-73.989494740962982,Brooklyn,11231,44.0
3339,40.6765304,-73.97846879,Brooklyn,11217,23.0
3265,40.7245634290432,-73.9894437789917,Manhattan,10003,31.0
3182,40.686931,-74.016966,Manhattan,112321,42.0
3099,40.721522403393031,-73.94898265600203,Brooklyn,11222,19.0
3122,40.744363241575449,-73.955873255190781,Queens,11109,31.0
3118,40.735550018778007,-73.952840002072065,Brooklyn,11222,43.0
3047,40.682368716132984,-73.944117996984488,Brooklyn,11233,21.0
3347,40.6773429,-74.01275056,Brooklyn,112321,21.0
3230,40.751283596962296,-73.99692445993422,Manhattan,10001,7.0
3284,40.781410700190015,-73.95595908164978,Manhattan,10128,41.0
3111,40.7258483,-73.95064893,Brooklyn,11222,25.0
3353,40.6747844,-74.01612847,Brooklyn,11231,24.0
3419,40.6792788,-73.98154004,Brooklyn,11217,27.0
3303,40.6849894,-73.99440329,Brooklyn,11231,26.0
3434,40.790254173304191,-73.977183401584611,Manhattan,10024,35.0
3382,40.680610991493914,-73.994758253365561,Brooklyn,11231,32.0
3398,40.6746957,-73.99785768,Brooklyn,11231,23.0
3390,40.79329668,-73.9432083,Manhattan,10029,24.0
3392,40.6812117,-74.00860912,Brooklyn,11231,19.0
3243,40.75892386377695,-73.962262272834778,Manhattan,10022,30.0
3411,40.6849668,-73.98620772,Brooklyn,11217,27.0
3515,40.774591,-73.918544,Queens,11105,19.0
3391,40.7892529,-73.93956237,Manhattan,10029,25.0
3420,40.6802133,-73.98432695,Brooklyn,11217,21.0
3378,40.773762989346558,-73.962220876915964,Manhattan,10021,28.0
3452,40.719155712980154,-73.9488539392646,Brooklyn,11211,43.0
3376,40.764718519443392,-73.962220698595047,Manhattan,10065,39.0
3089,40.717318403855785,-73.948202133178711,Brooklyn,11211,43.0
3365,40.6703837,-73.97839676,Brooklyn,11215,27.0
,40.754623240291053,-73.99516761302948,Manhattan,10018,
3464,40.752270938374089,-73.987705707550049,Manhattan,10018,57.0
,40.683238654603407,-73.965995907783508,Brooklyn,11238,
3060,40.69425403,-73.94626915,Brooklyn,11221,19.0
3352,40.672672434109479,-74.0087952464819,Brooklyn,112321,21.0
3431,40.746524,-73.977885,Manhattan,10016,26.0
3343,40.79975680588506,-73.962112864868772,Manhattan,10025-4403,23.0
3396,40.6783563,-74.00014502,Brooklyn,11231,25.0
3531,40.8125511,-73.9492286,Manhattan,10027,27.0
3476,40.725769967272143,-73.9507395029068,Brooklyn,11222,25.0
,40.6642406,-73.9574686,Brooklyn,11225,
,40.7659,-73.930819,Queens,11106,
,40.801694057228,-73.957144949826926,Manhattan,10026,
,40.6765198,-73.9596082,Brooklyn,11238,
3333,40.6747055,-74.0075572,Brooklyn,11231,22.0
3517,40.7711528,-73.9170074,Queens,11101,36.0
3221,40.743,-73.93561,Queens,11101,30.0
3492,40.8005385,-73.9419949,Manhattan,10035,27.0
3534,40.805159,-73.954692,Manhattan,10026,39.0
3326,40.67434,-74.00194698,Brooklyn,11231,21.0
3526,40.7747878,-73.9125551,Queens,11105,27.0
3287,40.789677495255368,-73.977531874151651,Manhattan,10024,47.0
3469,40.7318139963117,-73.9599501842696,Brooklyn,11222,23.0
,40.7703743,-73.9286078,Queens,11102,
,40.6721683,-73.9609,Brooklyn,11238,
,40.675816225228317,-74.01488184928894,Brooklyn,11231,
3449,40.721462562298157,-73.948009014129639,Brooklyn,11222,18.0
,40.668964369413018,-73.994357136922147,Brooklyn,11232,
,40.752957,-74.00264,Manhattan,10199,
3506,40.801306520979729,-73.939816771563343,Manhattan,10035,29.0
,40.754876,-73.934326,Queens,11101,
,40.7739825,-73.9309134,Queens,11102,
,40.741283093559929,-73.937258720397935,Queens,11101,
,40.6691783,-73.9554162,Brooklyn,11225,
,40.6999974843885,-73.974401280283928,Brooklyn,11251,
,40.713341829050258,-74.009355183473687,Manhattan,10013,
,40.70838,-74.00495,Manhattan,10038,
3498,40.7974772,-73.9311847,Manhattan,10035,21.0
,40.705614,-73.92153,Brooklyn,11237,
,40.725864,-73.986389,Manhattan,10002-1013,
,40.704425,-73.92836,Brooklyn,11237,
,40.70539,-73.92976,Brooklyn,11237,
,40.821111,-73.935971,Manhattan,10039,
,40.732339777151054,-73.978983834385872,Manhattan,10009,
,40.70537975324094,-73.925350116227079,Brooklyn,11237,
,40.723956829055673,-73.949843651699453,Brooklyn,11222,
,40.81734,-73.922962,The Bronx,10455,
,40.741458975156441,-73.983292995010871,Manhattan,10010,
,40.7062370527225,-73.933871078012714,Brooklyn,11206,
,40.8025566,-73.9490782,Manhattan,10026,
,40.70869,-73.92587,Brooklyn,11237,
,40.6786,-73.90369,Brooklyn,11207,
,40.699219755951191,-73.897950210042012,Queens,11385,
,40.69329,-73.92852,Brooklyn,11221,
,40.697842,-73.926241,Brooklyn,11221,
,40.69356,-73.92524,Brooklyn,11221,
,40.677027,-73.9865,Brooklyn,11215,
,40.69296,-73.91605,Brooklyn,11221,
,40.71323,-73.93894,Brooklyn,11211,
,40.698568,-73.918877,Brooklyn,11237,
,40.706842031013252,-73.9544353965357,Brooklyn,11211,
,40.72084,-73.94844,Brooklyn,11222,
,40.844044,-73.933651,Manhattan,10033,
,40.715353,-73.93856,Brooklyn,11211,
,40.816576,-73.927987,The Bronx,10451,
,40.69146,-73.92146,Brooklyn,11221,
,40.809619,-73.917875,The Bronx,10454,
,40.709697,-73.907856,Queens,11237,
,40.761573,-73.972628,Manhattan,10022,
3299,40.78813,-73.95206,Manhattan,10129,25.0
,40.839278,-73.945446,Manhattan,10032,
,40.84207,-73.926075,The Bronx,10452,
,40.826881,-73.941427,Manhattan,10031,
,40.710681,-73.93372,Brooklyn,11206,
,40.70793,-73.91092,Queens,11385,
,40.69811,-73.90904,Brooklyn,11237,
,40.73124,-73.95161,Brooklyn,11222,
,40.816959710324639,-73.9422959089279,Manhattan,10030,
,40.757936462436739,-73.979602754116058,Manhattan,10036,
,40.69055,-73.91181,Brooklyn,11221,
,40.70461,-73.91054,Queens,11385,
,40.71019,-73.93734,Brooklyn,11211,
,40.839335,-73.886445,The Bronx,10460,
,40.838706,-73.927034,The Bronx,10452,
,40.782535857724106,-73.979085087776184,Manhattan,10024,
,40.77237,-73.99005,Manhattan,100,
,40.69178,-73.97877,Brooklyn,11201,
,40.70998,-73.91116,Queens,11237,
,40.7535992020056,-73.937956094741821,Queens,11101,
,40.754145192635193,-73.9960889518261,Manhattan,10001,
,40.834468,-73.939865,Manhattan,10032,
,40.82441,-73.92818,The Bronx,10451,
,40.814232,-73.903927,The Bronx,10455,
,40.731911323231742,-74.008769094944,Manhattan,10014,
,40.83173,-73.922394,The Bronx,10452,
,40.84004,-73.942939,Manhattan,10032,
,40.827115,-73.92272,The Bronx,10451,
,40.824811,-73.916407,The Bronx,10451,
,40.78294,-73.93077,Manhattan,10035,
,40.728400594508287,-73.999687805771828,Manhattan,10012,
,40.840683,-73.915073,The Bronx,10452,
,40.816234,-73.948222,Manhattan,10030,
,40.805089,-73.918889,The Bronx,10454,
,40.81014,-73.93973,Manhattan,10037,
,40.69502,-73.92825,Brooklyn,11221,
,40.666439306870814,-73.9605563879013,Brooklyn,11225,
,40.757284,-73.9536,Manhattan,10044,
,40.807466,-73.927107,The Bronx,10454,
,40.817555,-73.957163,Manhattan,10027,
,40.815077,-73.899939,The Bronx,10459,
,40.833909,-73.92112,The Bronx,10452,
,40.827075,-73.945909,Manhattan,10031,
,40.800933,-73.913863,The Bronx,10454,
,40.820003,-73.959089,Manhattan,10027,
,40.808484,-73.928803,The Bronx,10454,
,40.7664255270288,-73.920629024505615,Queens,11101,
,40.829114,-73.950426,Manhattan,10031,
,40.70636,-73.91945,Brooklyn,11237,
,40.810224,-73.937195,Manhattan,10037,
,40.837213,-73.908345,The Bronx,10456,
,40.844811,-73.912042,The Bronx,10452,
,40.811675,-73.917037,The Bronx,10454,
,40.716656840804461,-73.936369668039731,Brooklyn,11211,
,40.69545,-73.91164,Brooklyn,11237,
,40.813224,-73.930605,The Bronx,10454,
,40.796036841599843,-73.961589038535749,Manhattan,10025,
,40.835775,-73.9434,Manhattan,10032,
,40.834263,-73.917641,The Bronx,10456,
,40.838191,-73.936085,Manhattan,10032,
3512,40.7747175,-73.9337894,Queens,11102,19.0
,40.825244,-73.947257,Manhattan,10031,
,40.85168,-73.94186,Manhattan,10033,
,40.825322,-73.887729,The Bronx,10459,
,40.754139,-73.919543,Queens,11101,
,40.82895,-73.90521,The Bronx,10456,
,40.810285063060029,-73.957364559173584,Manhattan,10027,
,40.83545,-73.90153,The Bronx,10456,
,40.79558,-73.91906,Manhattan,10035,
,40.825716,-73.915585,The Bronx,10451,
,40.814673,-73.91839,The Bronx,10455,
,40.814469,-73.924963,The Bronx,10451,
,40.758204646967577,-73.928321599960327,Queens,11101,
,40.831584,-73.9149,The Bronx,10456,
,40.835798,-73.937496,Manhattan,10032,
,40.839549,-73.913004,The Bronx,10456,
,40.846052,-73.937648,Manhattan,10033,
,40.81219095927505,-73.937838034541571,Manhattan,10037,
,40.70112,-73.93039,Brooklyn,11206,
,40.849972,-73.938423,Manhattan,10033,
,40.83196,-73.91956,The Bronx,10456,
,40.803399,-73.919763,The Bronx,10454,
,40.82188,-73.907521,The Bronx,10456,
,40.73396,-73.95204,Brooklyn,11222,
,40.821294,-73.947868,Manhattan,10031,
,40.84224,-73.8985,The Bronx,10457,
,40.83406,-73.92243,The Bronx,10452,
,40.848467,-73.936064,Manhattan,10033,
,40.830476,-73.939929,Manhattan,10032,
,40.805559,-73.914718,The Bronx,10454,
,40.822267,-73.916792,The Bronx,10451,
,40.839586,-73.900277,The Bronx,10457,
,40.818185,-73.894143,The Bronx,10459,
,40.816343,-73.896447,The Bronx,10459,
,40.829523,-73.944279,Manhattan,10040,
,40.824013,-73.954743,Manhattan,10031,
,40.823162,-73.923267,The Bronx,10451,
,40.811314,-73.907729,The Bronx,10455,
,40.855556593201335,-73.89292043332091,,,
,40.827184,-73.893721,The Bronx,10459,
,40.710154710949119,-73.984535336494432,Manhattan,10009:10010,
,40.779406085297872,-73.953335881233215,Manhattan,10028,
,40.829608,-73.921461,The Bronx,10452,
,40.834857,-73.903743,The Bronx,10456,
,40.847305,-73.933291,Manhattan,10033,
,40.832164,-73.949702,Manhattan,10031,
,40.801657,-73.909513,The Bronx,10454,
,40.7512836,-73.9969245,Manhattan,10001,
,40.764734200065192,-73.991943597793579,Manhattan,10019,
,40.821952,-73.888546,The Bronx,10459,
,40.821075,-73.895069,The Bronx,10459,
,40.729193,-73.976655,Manhattan,10009:10010,
,40.70336686695866,-74.007867872715,Manhattan,10005,
,40.740057085672852,-74.0052741765976,Manhattan,10014,
,40.828975,-73.911259,The Bronx,10456,
,40.832057,-73.927421,The Bronx,10452,
,40.836274,-73.884308,The Bronx,10460,
,40.750181,-73.919998,Queens,11101,
,40.822545,-73.901824,The Bronx,10459,
,40.840494,-73.911479,The Bronx,10457,
,40.769219,-73.901001,Queens,11370,
,40.753441,-73.912402,Queens,11377,
,40.827230499624726,-73.917655795976316,The Bronx,10456,
,40.66065236872916,-73.9645904302597,Brooklyn,11225,
,40.765753,-73.90676,Queens,11103,
,40.766824,-73.930486,Queens,11106,
,40.752443,-73.929737,Queens,11106,
,40.818743,-73.890247,The Bronx,10474,
,40.758057,-73.909831,Queens,11377,
3215,0.0,0.0,,,18.0
,40.70861098096821,-73.92850399017334,Brooklyn,11237,
3480,0.0,0.0,,,18.0
,40.752372,-73.925384,Queens,11101,
,40.827629,-73.886659,The Bronx,10459,
,40.782465,-73.914527,Queens,11106,
,40.76072,-73.910989,Queens,11103,
,40.669801930896163,-73.994904756546021,Brooklyn,11215,
,0.0,0.0,,,
278,40.697665645665282,-73.984764390936149,Brooklyn,11201,20.0
455,40.75001986,-73.96905301,Manhattan,10017-6927,59.0
457,40.76695317,-73.98169333,Manhattan,10019,39.0
280,40.733319675849167,-73.995101319128921,Manhattan,10009,36.0
151,40.7220268482782,-73.9972367360392,Manhattan,10012,37.0
532,40.710451,-73.960876,Brooklyn,11249,45.0
476,40.743943137244209,-73.979660690991452,Manhattan,10016,48.0
3167,40.779668087556018,-73.980930444072854,Manhattan,10023,55.0
342,40.71739973,-73.98016555,Manhattan,10002,30.0
514,40.7608750206713,-74.0027766865707,Manhattan,100036,58.0
432,40.726217877109207,-73.983798548104545,Manhattan,10009,34.0
469,40.76344058,-73.98268129,Manhattan,10019,57.0
524,40.75527307,-73.98316936,Manhattan,,57.0
387,40.71273266,-74.0046073,Manhattan,10000,40.0
3110,40.727085858741425,-73.952991170181008,Brooklyn,11222,29.0
298,40.68683208,-73.9796772,Brooklyn,11227,36.0
528,40.742909020486913,-73.977060579675779,Manhattan,10016,39.0
,40.757420055259146,-73.9451328920541,Queens,11101,
3528,40.7713937,-73.9077436,Queens,11105,21.0
3363,40.7904828,-73.95033068,Manhattan,10029,34.0
484,40.75500254,-73.98014437,Manhattan,10036,48.0
268,40.719105369616521,-73.999733374609718,Manhattan,10013,28.0
445,40.7274079427966,-73.981420053292339,Manhattan,10009,79.0
437,40.680983385449785,-73.950047975945,Brooklyn,11233,24.0
308,40.71307915948865,-73.99851192669307,Manhattan,10038,29.0
336,40.73047747,-73.99906065,Manhattan,10012,36.0
3078,40.709249509653041,-73.960495322381021,Brooklyn,11211,28.0
315,40.70355377,-74.00670227,Manhattan,10041,29.0
380,40.734011429943884,-74.002938775211135,Manhattan,10014,42.0
343,40.697940002027366,-73.969868518233469,Brooklyn,11205,23.0
237,40.73047309,-73.98672378,Manhattan,10003,42.0
,40.799041392882977,-73.966494798660278,Manhattan,10025,
347,40.728821468332043,-74.008338524286231,Manhattan,10013,37.0
305,40.760957560539509,-73.967244679602032,Manhattan,10022,36.0
379,40.7491559993603,-73.991600001640265,Manhattan,10001,44.0
3113,40.730260023916493,-73.953939969619583,Brooklyn,11222,28.0
350,40.71559509,-73.9870295,Manhattan,10002,29.0
3159,40.774925135539732,-73.982665661723146,Manhattan,10023,34.0
403,40.72502876,-73.99069656,Manhattan,10009,32.0
3112,40.729059992827231,-73.957790008187771,Brooklyn,11222,33.0
359,40.755102669521825,-73.974986955403423,Manhattan,10037,64.0
265,40.72229346,-73.99147535,Manhattan,10012-3332,37.0
284,40.7390169185005,-74.00263761922244,Manhattan,10014,45.0
3409,40.6867443,-73.99063168,Brooklyn,11213,35.0
,40.69467,-73.90663,Brooklyn,11237,
402,40.7403432,-73.98955109,Manhattan,10010,45.0
83,40.68382604,-73.97632328,Brooklyn,11208,62.0
341,40.71782143,-73.97628939,Manhattan,10002,20.0
462,40.74691959,-74.00451887,Manhattan,10011,47.0
335,40.72903916264454,-73.994046496749121,Manhattan,10012,29.0
3458,40.763093872707969,-73.9783501625061,Manhattan,10105,40.0
456,40.7597108,-73.97402311,Manhattan,10055,35.0
361,40.716058659806265,-73.9919075903052,Manhattan,10002,46.0
3139,40.771184738234332,-73.964103616284788,Manhattan,10021,43.0
481,40.712604862844984,-73.962644025363048,Brooklyn,11211,26.0
259,40.701221278869696,-74.012342183360147,Manhattan,10004,41.0
529,40.7575699,-73.99098507,Manhattan,100036,44.0
3061,40.69622937,-73.94371094,Brooklyn,11206,21.0
3263,40.729420754725112,-73.990791721811718,Manhattan,10003,60.0
518,40.747803733130169,-73.973441901460333,Manhattan,10016,40.0
3379,40.790305114522468,-73.94755755834754,Manhattan,10029,35.0
444,40.7423543,-73.98915076,Manhattan,10001-7604,54.0
3532,40.78145,-73.9183302,Queens,11105,27.0
3466,40.756687206031792,-73.982577323913574,Manhattan,10036,34.0
498,40.74854862,-73.98808416,Manhattan,10001-2062,57.0
482,40.739355421636326,-73.999317826654561,Manhattan,10011,77.0
296,40.71413089,-73.9970468,Manhattan,10002,35.0
319,40.711390149752766,-74.009437006145248,Manhattan,10007,33.0
394,40.72521311,-73.97768752,Manhattan,10009,34.0
,40.69517,-73.90311,Queens,11385,
146,40.716250078717636,-74.009105904584786,Manhattan,10013,41.0
,40.754691750226016,-73.997401893138885,Manhattan,10001,
3125,40.747085822649261,-73.949772347830915,Queens,11101,46.0
2003,40.733857278432652,-73.98050521547593,Manhattan,10009,55.0
,40.768692,-73.9249574,Queens,11102,
,40.702013,-73.923769,Brooklyn,11237,
441,40.756014,-73.967416,Manhattan,10022,41.0
406,40.69512845,-73.99595065,Brooklyn,11201,34.0
3467,40.724946723594158,-74.00165855884552,Manhattan,10012,42.0
3502,40.7954121,-73.9441232,Manhattan,10037,29.0
3090,40.71774592,-73.95600096,Brooklyn,11249,31.0
422,40.770512997692293,-73.988038004327549,Manhattan,10019,79.0
363,40.70834698,-74.01713445,Manhattan,10280,49.0
398,40.69165183,-73.9999786,Brooklyn,11231,32.0
511,40.72938685,-73.97772429,Manhattan,10009:10010,34.0
3373,40.6750705,-73.98775226,Brooklyn,11215,27.0
3306,40.6662078,-73.98199886,Brooklyn,11215,23.0
344,40.685144312637711,-73.953809028051381,Brooklyn,11221,25.0
412,40.715815500691605,-73.994223662910159,Manhattan,10002,31.0
405,40.739323,-74.008119,Manhattan,10014,51.0
,40.6679411,-73.9588,Brooklyn,11225,
388,40.74971775054204,-74.00295034956963,Manhattan,10001,38.0
,40.756265,-73.964179,Manhattan,10022,
238,40.736196703546341,-74.008592076215621,Manhattan,10011,31.0
264,40.70706456,-74.00731853,Manhattan,10038,27.0
144,40.69839895,-73.98068914,Brooklyn,11251,19.0
195,40.70905623,-74.01043382,Manhattan,10005,45.0
3292,40.7857851,-73.957481,Manhattan,10129,44.0
3059,40.6933982,-73.939877,Brooklyn,11221,19.0
,40.7713615,-73.9246145,Queens,11106,
533,40.75299641,-73.98721619,Manhattan,10019,54.0
3135,40.77112927,-73.95772297,Manhattan,10021,41.0
3328,40.794999986426696,-73.96450000678665,Manhattan,10025,39.0
,40.81449,-73.936153,Manhattan,10037:10454,
3163,40.7734066,-73.97782542,Manhattan,10023-5104,43.0
3048,40.68402,-73.94977,Brooklyn,11216,19.0
3323,40.7981856,-73.9605909006,Manhattan,10025,60.0
143,40.692395010543343,-73.993379056985049,Brooklyn,11201,24.0
3505,40.805726,-73.936322,Manhattan,10037,33.0
3349,40.6729679,-73.97087984,Brooklyn,11217,36.0
3316,40.7989937,-73.9662173778,Manhattan,10025,47.0
310,40.689269417879835,-73.989128668987448,Brooklyn,11201,36.0
3096,40.71924,-73.95242,Brooklyn,11211,39.0
3146,40.77573034,-73.9567526,Manhattan,10028,47.0
3124,40.74731,-73.95451,Queens,11101,27.0
3331,40.8013434,-73.9711457439,Manhattan,10025,40.0
540,40.742756690786223,-73.982384173029544,Manhattan,10037,38.0
212,40.74334935,-74.00681753,Manhattan,10011,60.0
,40.75473,-73.93367,Queens,11101,
3358,40.6711978,-73.97484126,Brooklyn,11215,25.0
3418,40.6750207,-73.97111473,Brooklyn,11238,33.0
,40.7687620293096,-73.958407938480377,Manhattan,10035,
393,40.72299208,-73.97995466,Manhattan,10009,37.0
375,40.72679454,-73.99695094,Manhattan,10012,35.0
,40.708588942405811,-74.009354822358091,Manhattan,10045,
3313,40.6663181,-73.9854617,Brooklyn,11215,30.0
346,40.736528893443975,-74.006180265992569,Manhattan,10014,29.0
3151,40.772838403136454,-73.949892332089732,Manhattan,10075,45.0
3344,40.679043,-74.011169,Brooklyn,11231,20.0
501,40.744219,-73.97121214,Manhattan,10017-6927,79.0
500,40.762288254932145,-73.983361828576619,Manhattan,10019,53.0
3127,40.74966,-73.9521,Queens,11109,35.0
3629,40.809495347779482,-73.947764933109283,Manhattan,10027,33.0
3491,40.79747,-73.93504,Manhattan,10035,24.0
3101,40.720798223901262,-73.954847133335463,Brooklyn,11249,27.0
3372,40.7689738,-73.95482273,Manhattan,10021,39.0
397,40.68415748,-73.96922273,Brooklyn,11207,27.0
,40.763154,-73.920827,Queens,11369,
304,40.70463334,-74.01361706,Manhattan,10275,38.0
,40.818299,-73.960405,Manhattan,10027,
119,40.69608941,-73.97803415,Brooklyn,11251,19.0
,40.757920208794026,-73.966382145881653,Manhattan,10022,
449,40.76461837,-73.98789473,Manhattan,10019,31.0
3300,40.665146812754266,-73.976376067651231,Brooklyn,11215,26.0
,40.68989,-73.91458,Brooklyn,11221,
,40.701403172577251,-73.986726701259613,Brooklyn,11201-1832,
505,40.749012709972646,-73.988483951110609,Manhattan,10001,41.0
,40.70099,-73.93921,Brooklyn,11206,
3459,40.757632277394428,-73.969305753707886,Manhattan,10035,34.0
,40.740983,-74.001702,Manhattan,10017,
,40.815484,-73.935856,Manhattan,10037,
353,40.685395678667334,-73.9743145754883,Brooklyn,11217,27.0
164,40.75323098,-73.97032517,Manhattan,10017,47.0
3355,40.768008893059474,-73.96845281124115,Manhattan,10021,25.0
,40.723077468260804,-73.985836211275682,Manhattan,10002,
3016,40.720615301812394,-73.961663068497614,Brooklyn,11249,54.0
,40.765475692449527,-73.918115794658661,Queens,11103,
,40.7614376,-73.9411265,Queens,11101,
,40.68186,-73.959432,Brooklyn,11207,
3486,40.688417435531456,-73.984516581378344,Brooklyn,11217,30.0
3224,40.73997354103409,-74.005138725042343,Manhattan,10014,39.0
525,40.755941586464267,-74.002116295808221,Manhattan,10001,56.0
,40.67077670445007,-73.957680126303842,Brooklyn,11213,
3437,40.793134809866629,-73.977003693580627,Manhattan,10024,39.0
3490,40.79687900629191,-73.93726103842755,Manhattan,10029,31.0
3053,40.6900815,-73.947915,Brooklyn,11216,25.0
3430,40.719078911795641,-73.94223690032959,Brooklyn,11222,25.0
279,40.707710176332768,-74.001284472734682,,11201,37.0
,40.748,-73.9460927,Queens,11101,
3494,40.797911,-73.9423,Manhattan,10029,25.0
3523,40.7729,-73.916142,Queens,11102,26.0
3435,40.718822001184748,-73.995959993610356,Manhattan,10013,46.0
,40.7668,-73.9347774,Queens,11373,
,40.763954,-73.9646,Manhattan,10065,
483,40.73223272,-73.98889957,Manhattan,10009,35.0
,40.769247537482563,-73.935450377565246,Queens,11106,
,40.69757,-73.93098,Brooklyn,11221,
,40.67945,-73.90474,Brooklyn,11233,
327,40.715337902850422,-74.0165835374878,Manhattan,10282,40.0
3425,40.7892105,-73.94370784,Manhattan,10029,33.0
,40.7682,-73.9322662,Queens,11106,
,40.695317264745825,-73.990157199453236,Brooklyn,11201,
,40.701059991689746,-73.933179836565074,Brooklyn,11206,
,40.673723615661395,-73.963161034209676,Brooklyn,11238,
2002,40.716886995850047,-73.963197994394989,Brooklyn,11249,27.0
377,40.72243797,-74.00566443,Manhattan,10005,47.0
245,40.69327015524064,-73.977038739244861,Brooklyn,11201,23.0
,40.81,-73.9551508,Manhattan,10027,
,40.7658346,-73.9265474,Queens,11369,
3063,40.69527008,-73.95238108,Brooklyn,11235,20.0
,40.7671,-73.9169858,Queens,11101,
3117,40.735640019695865,-73.958660004923956,Brooklyn,11222,27.0
3319,40.666286973562578,-73.9889505310162,Brooklyn,11215,21.0
3533,40.8114323,-73.9518776,Manhattan,10040,34.0
233,40.693006720053781,-73.9898497156762,Brooklyn,11201,39.0
348,40.72490985,-74.00154702,Manhattan,10012,45.0
538,40.757421180632775,-73.9773862522671,Manhattan,10017,41.0
527,40.743898080167341,-73.975809896378564,Manhattan,10016,62.0
360,40.70717936,-74.00887308,Manhattan,10045,42.0
322,40.696192,-73.991218,Brooklyn,11231,32.0
271,40.685279774596452,-73.978056126088518,Brooklyn,11227,31.0
160,40.748195158206407,-73.978311714723773,,07740,26.0
463,40.74206539,-74.00443172,Manhattan,10019,25.0
365,40.68223166,-73.9614583,Brooklyn,11207,31.0
391,40.697601272362746,-73.993445581433889,Brooklyn,11201-1832,32.0
430,40.7014851,-73.98656928,Brooklyn,11201,27.0
409,40.6906495,-73.95643107,Brooklyn,11205,20.0
241,40.68981035,-73.97493121,Brooklyn,11221,23.0
152,40.71473993,-74.00910627,Manhattan,10007,29.0
320,40.717560757541811,-74.00557136378751,Manhattan,10013,39.0
399,40.68851534,-73.9647628,Brooklyn,11238,27.0
321,40.69991755,-73.98971773,Brooklyn,11201,27.0
354,40.6936314366446,-73.962235568528584,Brooklyn,11205,23.0
420,40.68764484,-73.96968902,Brooklyn,11238,28.0
2001,40.699688740766611,-73.979274932415578,Brooklyn,11251,15.0
3311,40.68763158162438,-74.0016255855426,Brooklyn,11231,21.0
3088,40.7160751,-73.952029,Brooklyn,11211,22.0
3327,40.7877214,-73.94728331,Manhattan,10029,27.0
3077,40.708770856086375,-73.950952577533172,Brooklyn,11211,33.0
3395,40.6763744,-74.00324957,Brooklyn,11231,19.0
3320,40.793889826498308,-73.963048765241581,Manhattan,10025,49.0
3258,40.750181563256831,-74.002184271812439,Manhattan,10001,37.0
3341,40.795346,-73.96186,Manhattan,10025-4403,59.0
3340,40.6753274,-74.0100698,Brooklyn,11231,21.0
3157,40.77518616486077,-73.944460531590607,Manhattan,10028,47.0
3138,40.774405455003,-73.961752653121934,Manhattan,10075,47.0
3116,40.73266,-73.95826,Brooklyn,11222,45.0
3387,40.7934337,-73.94945003,Manhattan,10029,25.0
3414,40.680944723477296,-73.975673317909227,Brooklyn,11213,33.0
3120,40.74161,-73.96044,Queens,11101,20.0
3404,40.6704922,-73.98541675,Brooklyn,11215,27.0
3114,40.73165141,-73.96161892,Brooklyn,11222,23.0
3084,40.71348658,-73.94792458,Brooklyn,11211,19.0
3237,40.753833434376219,-73.942676782608018,Queens,11101,31.0
3069,40.70411791,-73.94818595,Brooklyn,11221,30.0
3080,40.70934,-73.95608,Brooklyn,11211,21.0
3288,40.778301007561986,-73.948813412837,Manhattan,10128,39.0
3095,40.71929301,-73.94500379,Brooklyn,11211,26.0
3055,40.6883337,-73.950916,Brooklyn,11216,25.0
3338,40.7862586,-73.94552579,Manhattan,10028,31.0
3083,40.71247661,-73.94100005,Brooklyn,11207,33.0
3041,40.67890679,-73.94142771,Brooklyn,11213,25.0
3254,40.69231660719192,-74.014865756034851,Manhattan,10004,29.0
3098,40.71928,-73.94861,Brooklyn,11222,43.0
3472,40.742753830516044,-74.007473584417255,Manhattan,100014,39.0
3507,40.8045555,-73.9396861,Manhattan,10037,36.0
,40.757186,-73.932719,Queens,11106,
,40.752722013811884,-73.981236219406128,Manhattan,10110,
3348,40.677236,-74.015665,Brooklyn,11231,19.0
,40.728048571362606,-73.978811502456665,Manhattan,10009,
3325,40.7849032,-73.950503,Manhattan,10128,31.0
3413,40.6827549,-73.98258555,Brooklyn,11217,22.0
3044,40.6800105,-73.938475,Brooklyn,11216,27.0
3097,40.71921585,-73.9424469,Brooklyn,11222,19.0
3520,40.804372,-73.951475,Manhattan,10026,27.0
,40.808624912856018,-73.9596213787024,Manhattan,10115,
3309,40.7859201,-73.94860294,Manhattan,10129,30.0
,40.6791944,-73.9587903,Brooklyn,11238,
3457,40.763025942805193,-73.972095251083374,Manhattan,10022,46.0
3455,40.686808205034318,-73.980361819267273,Brooklyn,11217,35.0
3456,40.716380274507912,-73.948212717780962,Brooklyn,11211,22.0
3381,40.6777287,-73.99364123,Brooklyn,11231,21.0
3058,40.69237074,-73.93705428,Brooklyn,11221,24.0
3291,40.7933718,-73.97685115,Manhattan,10024,39.0
3375,40.7699426,-73.96060712,Manhattan,10035,35.0
,40.697950315695437,-73.970775604248047,Brooklyn,11205,
,40.676368,-73.952918,Brooklyn,11216,
,40.8067580818367,-73.960708230950232,Manhattan,10027,
3407,40.679097997216843,-73.987654745578766,Brooklyn,11215,23.0
,40.6740123,-73.9671457,Brooklyn,11238,
,40.7647,-73.9240312,Queens,11369,
3454,40.7103685423523,-73.947059512138367,Brooklyn,11222,24.0
3496,40.7923272,-73.9383,Manhattan,10029,25.0
3509,40.801193865065116,-73.9500738978376,Manhattan,10026,31.0
,40.7656251,-73.9136695,Queens,11103,
3394,40.6769993,-74.00647134,Brooklyn,112321,21.0
3493,40.799139,-73.9389152,Manhattan,10035,31.0
,40.745038029698705,-73.957539045103744,Queens,11109,
,40.807560084805658,-73.9391819303887,Manhattan,10035,
,40.679438811092879,-73.968043799134236,Brooklyn,11213,
,40.7638753,-73.9364848,Queens,11101,
,40.713811,-73.93515,Brooklyn,11211,
,40.743226810427473,-73.9744978312609,Manhattan,10016,
,40.788664991278843,-73.966800570487976,Manhattan,10025,
,40.678045,-73.962408,Brooklyn,11238,
,40.726378,-74.000472,Manhattan,10012,
,40.708317943663957,-74.005040824413285,Manhattan,10038,
,40.7003,-73.991581,Brooklyn,11201,
,40.7522689949664,-73.982079017233943,Manhattan,10018,
,40.72226,-73.93889,Brooklyn,11222,
,40.665816,-73.956934,Brooklyn,11225,
,40.70863,-73.91497,Queens,11385,
,40.709800209095654,-73.91726971772087,Queens,11385,
,40.813135,-73.909235,The Bronx,10455,
,40.71429,-73.93323,Brooklyn,11211,
,40.814394437915816,-73.953247368335724,Manhattan,10027,
,40.699304,-73.923044,Brooklyn,11221,
,40.732647,-73.99011,Manhattan,10003,
,40.830262,-73.923391,The Bronx,10452,
,40.683426,-73.984275,Brooklyn,11217,
,40.77485,-73.9342,Queens,11102,
,40.722481886382191,-73.959219306707382,Brooklyn,11249,
,40.7494985460252,-73.977292031131583,Manhattan,10016,
,40.69676,-73.92302,Brooklyn,11221,
,40.763154819103733,-73.939855098724365,Queens,11101,
,40.70183,-73.90625,Queens,11385,
,40.698458,-73.997178,Brooklyn,11201,
,40.70413,-73.90737,Queens,11385,
,40.708485,-74.002751,Manhattan,10038,
,40.70076,-73.93641,Brooklyn,11206,
,40.69714,-73.91566,Brooklyn,11237,
,40.677164894690591,-73.973827958107,Brooklyn,11217,
,40.826406,-73.937948,Manhattan,10039,
,40.819241,-73.941057,Manhattan,10030,
,40.84925,-73.93022,Manhattan,10033,
,40.840536,-73.919228,The Bronx,10452,
,40.768333,-73.992573,Manhattan,10019,
,40.70694,-73.90632,Queens,11385,
,40.70463,-74.01507,Manhattan,10275,
,40.69671,-73.92807,Brooklyn,11221,
,40.68319988172761,-73.911666423082352,Brooklyn,11236,
,40.82923,-73.936996,Manhattan,10039,
,40.704876,-73.919911,Brooklyn,11237,
,40.823498,-73.94386,Manhattan,10030,
,40.71773,-73.94051,Brooklyn,11211,
,40.72577,-73.94173,Brooklyn,11222,
,40.7639089,-73.9477213,Manhattan,10044,
,40.752149,-73.989539,Manhattan,10018,
,40.685650050578033,-73.915640196531783,Brooklyn,11233,
,40.825125,-73.941616,Manhattan,10039,
,40.704079975046788,-73.904080286961943,Queens,11385,
,40.69969,-73.9022,Queens,11385,
,40.812346,-73.946168,Manhattan,10030,
,40.717662097526137,-73.9487993939752,Brooklyn,11222,
,40.707174,-73.93581,Brooklyn,11206,
,40.7027,-73.92095,Brooklyn,11237,
,40.6998500974081,-73.971409965271917,Brooklyn,11251,
,40.842941,-73.938631,Manhattan,10032,
,40.835334,-73.9154,The Bronx,10456,
,40.69812,-73.90271,Queens,11385,
,40.72795,-73.95414,Brooklyn,11222,
,40.784596798848924,-73.949685394763947,Manhattan,10035,
,40.68929,-73.90951,Brooklyn,11207,
,40.698,-73.9127,Brooklyn,11237,
,40.792495194951108,-73.964170664630714,Manhattan,10025,
,40.725839967923747,-74.0076532959938,Manhattan,10013,
,40.751869514218747,-73.933492898941026,Queens,11101,
,40.834015,-73.908863,The Bronx,10456,
,40.844075,-73.917256,The Bronx,10452,
,40.819823,-73.912411,The Bronx,10455,
,40.6988,-73.9007,Queens,11385,
,40.765353803858659,-73.93986314535141,Queens,11101,
,40.839137,-73.941409,Manhattan,10032,
,40.841092,-73.892317,The Bronx,10457,
,40.813619,-73.939336,Manhattan,10037,
,40.83299,-73.94592,Manhattan,10032,
,40.816402,-73.919549,The Bronx,10451,
,40.82995,-73.898802,The Bronx,10459,
,40.68139,-73.90756,Brooklyn,11207,
,40.848282,-73.941343,Manhattan,10033,
,40.71401,-73.92793,Brooklyn,11415,
,40.810893,-73.927311,The Bronx,10037:10454,
,40.834457,-73.928381,The Bronx,10452,
,40.727243,-73.976831,Manhattan,10009,
,40.831327,-73.946665,Manhattan,10031,
,40.813539,-73.94521,Manhattan,10027,
,40.81899,-73.90202,The Bronx,10455,
,40.686519820193631,-73.913210273167351,Brooklyn,11207,
,40.811892,-73.904192,The Bronx,10458,
,40.7525758,-73.9364281,Queens,11101,
,40.816827307228913,-73.917337911471989,The Bronx,10451,
,40.805701,-73.925177,The Bronx,10454-4606,
,40.81093,-73.921606,The Bronx,10454,
,40.819746,-73.951819,Manhattan,10031,
,40.816355,-73.954295,Manhattan,10027,
,40.692,-73.92617,Brooklyn,11221,
,40.68281,-73.90623,Brooklyn,11207,
,40.83649,-73.918316,The Bronx,10452,
,40.852252,-73.937854,Manhattan,10033,
,40.826706,-73.888719,The Bronx,10459,
,40.83618,-73.939789,Manhattan,10032,
,40.82394,-73.894025,The Bronx,10459,
,40.825737,-73.927311,The Bronx,10451,
,40.83999,-73.90549,The Bronx,10457,
,40.815887,-73.911918,The Bronx,10455,
,40.6882,-73.90798,Brooklyn,11207,
,40.802554,-73.933509,Manhattan,10035,
,40.82281,-73.937413,Manhattan,10039,
3488,45.506364054011385,-73.5694634914398,Ville-Marie,H3A 1N9,5.0
,40.843264,-73.904867,The Bronx,10457,
,40.807408,-73.91924,The Bronx,10454,
,40.831762,-73.896853,The Bronx,10459,
,40.68461653897949,-73.987212851643562,Brooklyn,11217,
,40.80046,-73.92404,Manhattan,10454-4606,
,40.808633,-73.916124,The Bronx,10454,
,40.812304,-73.929153,The Bronx,10451,
,40.820302,-73.903944,The Bronx,10456,
,40.834124,-73.88955,The Bronx,10460,
,40.831305492672961,-73.917447924613953,The Bronx,10456,
,40.814046714606739,-73.911859355805248,The Bronx,10455,
,40.701573408737922,-73.90876293182373,Queens,11237,
,40.832081,-73.942386,Manhattan,10032,
,40.819999,-73.897263,The Bronx,10459,
,40.822217,-73.928939,The Bronx,10452,
,40.82057,-73.917579,The Bronx,10455,
,40.839312,-73.922423,The Bronx,10452,
,40.77977,-73.923162,Queens,11102,
,40.813991,-73.8855,The Bronx,10474,
,40.839443,-73.937044,Manhattan,10032,
,40.818215,-73.950988,Manhattan,10031,
,40.830179,-73.928747,The Bronx,10452,
,40.828847,-73.91769,The Bronx,10456,
,40.81989,-73.908351,The Bronx,10456,
,40.832314,-73.94102,Manhattan,10032,
,40.804168,-73.911545,The Bronx,10454,
,40.831444,-73.926226,The Bronx,10452,
,40.820578,-73.888271,,10474,
,40.829896,-73.907618,The Bronx,10456,
,40.832812,-73.929372,The Bronx,10452,
,40.843965,-73.920999,The Bronx,10452,
,40.837037,-73.890413,The Bronx,10460,
,40.776173,-73.959757,Manhattan,10075,
,40.839142,-73.925961,The Bronx,10452,
,40.828199,-73.903719,The Bronx,10456,
,40.835302,-73.895133,The Bronx,10460,
,40.82831,-73.942924,Manhattan,10031,
,40.824,-73.91089,The Bronx,10455-1201,
,40.778557,-73.919046,Queens,11106,
,40.836179136774753,-73.907301463227654,The Bronx,10456,
,40.751555,-73.915026,Queens,11101,
,40.654174482597362,-74.010486322510587,Brooklyn,11220,
,40.755763,-73.912715,Queens,11103,
,39.772924515691322,-72.203684694343991,,,
,40.83263,-73.925101,The Bronx,10456,
,40.816126,-73.891559,The Bronx,10474,
,40.756351,-73.936515,Queens,11101,
,40.829797,-73.931015,The Bronx,10452,
,40.760083,-73.907107,Queens,11377,
,40.757764,-73.907654,Queens,11377,
,40.839194,-73.888587,The Bronx,10460,
,40.759604471387945,-73.927144110202789,Queens,11101,
,40.646538367096483,-74.016587734222412,Brooklyn,11220,
,40.759057954185863,-73.918975442647934,Queens,11103,
,45.506074646227283,-73.568999022245421,Ville-Marie,H3A 1N9,
,40.772717,-73.906127,Queens,11101,
,40.661305977718541,-74.002798155313286,Brooklyn,11220,
,40.769673,-73.906018,Queens,11105,
,40.771203,-73.903865,Queens,11370,
,40.83899,-73.9109,The Bronx,10457,
,40.774306,-73.908335,Queens,11105,
3197,40.719251707409889,-74.03423398733139,,07311,30.0
,40.8358771,-73.8931428,The Bronx,10460,
,40.761294,-73.909562,Queens,11103,
,40.838315,-73.912604,The Bronx,10456,
,40.75388,-73.914952,Queens,11101,
,40.757357,-73.904726,Queens,11369,
,40.77813,-73.90842,Queens,11101,
,40.763328,-73.908782,Queens,11101,
,40.807239768115934,-73.907999014492759,The Bronx,10454,
,40.780478,-73.912212,Queens,11370,
,40.754164,-73.908906,Queens,11373,
,40.774798,-73.903787,Queens,11101,
,40.776168,-73.910485,Queens,11101,
,40.646377,-74.023087,Brooklyn,11220,
,40.755467,-73.986536,Manhattan,10036,
,40.669767091850026,-73.994743824005127,Brooklyn,11215,