dock_id,latitude,longitude
3446.0,0.0,0.0
3633.0,0.0,0.0
3480.0,0.0,0.0
3215.0,0.0,0.0
3248.0,0.0,0.0
3896.0,40.70183,-73.90625
4235.0,40.764734200065192,-73.991943597793579
3489.0,40.710699946313873,-74.003541469573975
3265.0,40.7245634290432,-73.9894437789917
3689.0,40.799041392882977,-73.966494798660278
3459.0,40.757632277394428,-73.969305753707886
3691.0,40.76408932350688,-73.910651206970215
3673.0,40.677592069373759,-73.955637216568
3895.0,40.701573408737922,-73.90876293182373
3449.0,40.721462562298157,-73.948009014129639
3648.0,40.697950315695437,-73.970775604248047
3726.0,40.743366080270206,-73.959606885910034
3462.0,40.751183874632773,-73.971387147903442
3636.0,40.707731483954696,-73.934522867202759
4250.0,40.818725699901158,-73.888624906539917
4064.0,40.807347437082,-73.908097743988037
3458.0,40.763093872707969,-73.9783501625061
3089.0,40.717318403855785,-73.948202133178711
3229.0,40.680617684554512,-73.946249485015869
3399.0,40.672602981501257,-73.989830017089844
3479.0,40.685125595154148,-74.025353193283081
3234.0,40.751593684511121,-73.98043155670166
3284.0,40.781410700190015,-73.95595908164978
3131.0,40.76712840349542,-73.962246179580688
3543.0,40.810285063060029,-73.957364559173584
3716.0,40.7535992020056,-73.937956094741821
3474.0,40.7252556952547,-74.004120826721191
3470.0,40.669801930896163,-73.994904756546021
3466.0,40.756687206031792,-73.982577323913574
3464.0,40.752270938374089,-73.987705707550049
3643.0,40.752722013811884,-73.981236219406128
3646.0,40.763154819103733,-73.939855098724365
3666.0,40.7664255270288,-73.920629024505615
3430.0,40.719078911795641,-73.94223690032959
3266.0,40.70861098096821,-73.92850399017334
3653.0,40.758204646967577,-73.928321599960327
3427.0,40.724305272503322,-73.996009826660156
3749.0,40.7475739589548,-73.9788007736206
3660.0,40.741021509002657,-74.001384973526
3664.0,40.720195214374648,-74.0103006362915
3662.0,40.761293897289086,-73.916916847229
3239.0,40.646538367096483,-74.016587734222412
3457.0,40.763025942805193,-73.972095251083374
3642.0,40.787285198609517,-73.950122594833374
3644.0,40.675816225228317,-74.01488184928894
3447.0,40.76703432309872,-73.95622730255127
3641.0,40.742868773121117,-73.98918628692627
3671.0,40.774779448957283,-73.954274654388428
3632.0,40.728048571362606,-73.978811502456665
3704.0,40.7437524099784,-73.941764831542969
3672.0,40.669767091850026,-73.994743824005127
3461.0,40.714851505262523,-74.011223316192627
4073.0,40.759699959062537,-73.978081941604614
3253.0,40.67280641227746,-73.968865871429443
3719.0,40.683222541615947,-73.9738118648529
3153.0,40.768175467422452,-73.959102630615234
4111.0,40.742751796489948,-73.9847157150507
3376.0,40.764718519443392,-73.962220698595047
3669.0,40.67630357634183,-74.003140479326248
3893.0,40.68319988172761,-73.911666423082352
4311.0,40.7725996921817,-73.932662755250931
3692.0,40.6999974843885,-73.974401280283928
3649.0,40.814394437915816,-73.953247368335724
3629.0,40.809495347779482,-73.947764933109283
4305.0,40.759604471387945,-73.927144110202789
4214.0,40.725839967923747,-74.0076532959938
3223.0,40.758996559605123,-73.968653976917267
4225.0,40.696232971293163,-73.991420567035675
3725.0,40.7687620293096,-73.958407938480377
3675.0,40.784596798848924,-73.949685394763947
4282.0,40.731911323231742,-74.008769094944
3407.0,40.679097997216843,-73.987654745578766
3249.0,40.6803560840434,-73.9476791024208
3264.0,40.764210071690641,-73.969104588031769
3238.0,40.773913902381182,-73.9543953537941
3337.0,40.673635513415043,-74.011955559253693
4248.0,40.70336686695866,-74.007867872715
4306.0,40.773015082913822,-73.911190330982208
3718.0,40.727464206923919,-73.979504182934761
4280.0,40.73342399437081,-74.008514955639839
4251.0,40.836705668628042,-73.926088660955429
3296.0,40.782454175279874,-73.9489196240902
3252.0,40.675349530674119,-74.010020345449448
3224.0,40.73997354103409,-74.005138725042343
3371.0,40.674613422475815,-73.985011428594589
4303.0,40.759057954185863,-73.918975442647934
3693.0,40.722481886382191,-73.959219306707382
4124.0,40.788664991278843,-73.966800570487976
3686.0,40.739448201304043,-74.005070328712463
3332.0,40.681990442707033,-73.990790247917175
4309.0,40.772768286288304,-73.927436470985413
3477.0,40.655399774478312,-74.010627865791321
3355.0,40.768008893059474,-73.96845281124115
3487.0,40.656595674820387,-74.008492827415466
3467.0,40.724946723594158,-74.00165855884552
3663.0,40.677164894690591,-73.973827958107
3250.0,40.716909780459652,-73.983837962150574
3688.0,40.757920208794026,-73.966382145881653
3658.0,40.7435337324616,-74.003675580024719
3437.0,40.793134809866629,-73.977003693580627
3455.0,40.686808205034318,-73.980361819267273
3676.0,40.6758329439129,-74.014726281166077
4040.0,40.742684734875695,-73.986713290214539
4043.0,40.782535857724106,-73.979085087776184
4215.0,40.740057085672852,-74.0052741765976
3445.0,40.791811715010972,-73.9786022901535
3259.0,40.749370241932773,-73.999233841896057
3700.0,40.779406085297872,-73.953335881233215
4207.0,40.831305492672961,-73.917447924613953
3728.0,40.695356933202248,-73.993440270423889
3254.0,40.69231660719192,-74.014865756034851
3454.0,40.7103685423523,-73.947059512138367
3243.0,40.75892386377695,-73.962262272834778
3661.0,40.666439306870814,-73.9605563879013
3438.0,40.772248537721744,-73.958421349525452
3659.0,40.742948916600909,-74.004136919975281
3258.0,40.750181563256831,-74.002184271812439
3747.0,40.777553742988871,-73.955127596855164
3635.0,40.754623240291053,-73.99516761302948
3685.0,40.66065236872916,-73.9645904302597
3637.0,40.683238654603407,-73.965995907783508
3476.0,40.725769967272143,-73.9507395029068
4110.0,40.725065510154749,-73.975158333778381
3705.0,40.728400594508287,-73.999687805771828
3684.0,40.737561211811368,-74.003982692956924
3709.0,40.738046142482766,-73.996429592370987
3222.0,40.685159599891776,-73.977113664150238
3256.0,40.7277140777778,-74.011295735836029
4329.0,40.765475692449527,-73.918115794658661
3712.0,40.754691750226016,-73.997401893138885
3674.0,40.701403172577251,-73.986726701259613
3257.0,40.773768670228741,-73.971169888973236
4304.0,40.765353803858659,-73.93986314535141
4072.0,40.757936462436739,-73.979602754116058
3440.0,40.692418292578473,-73.989494740962982
3197.0,40.719251707409889,-74.03423398733139
3755.0,40.690648070829432,-73.957461789250374
3720.0,40.68461653897949,-73.987212851643562
3793.0,40.732339777151054,-73.978983834385872
3697.0,40.77515953434235,-73.989186957478523
3232.0,40.689621887903328,-73.983042687177658
3721.0,40.7675487799971,-73.9209334552288
3695.0,40.726869515282068,-73.989190310239792
4219.0,40.754145192635193,-73.9960889518261
3352.0,40.672672434109479,-74.0087952464819
4096.0,40.834263,-73.917641
4332.0,40.827230499624726,-73.917655795976316
4123.0,40.796036841599843,-73.961589038535749
3767.0,40.71323,-73.93894
3180.0,40.69878,-73.99712
3714.0,40.706842031013252,-73.9544353965357
3079.0,40.71103537,-73.94714303
4023.0,40.819241,-73.941057
3948.0,40.805559,-73.914718
518.0,40.747803733130169,-73.973441901460319
3443.0,40.761329827868153,-73.97982001489072
4030.0,40.822267,-73.916792
3373.0,40.6750705,-73.98775226
3828.0,40.686519820193638,-73.913210273167365
4098.0,40.839312,-73.922423
3916.0,40.708485,-74.002751
3535.0,40.804038,-73.945925
4284.0,40.754139,-73.919543
355.0,40.71602118,-73.99974372
4270.0,40.754176,-73.900318
4315.0,40.76072,-73.910989
2010.0,40.721660722813752,-74.00235181930114
538.0,40.75742118063279,-73.977386252267067
3829.0,40.6882,-73.90798
380.0,40.734011429943877,-74.002938775211121
3936.0,40.820003,-73.959089
3564.0,40.7601853,-73.9362726
3343.0,40.79975680588506,-73.962112864868743
308.0,40.713079159488657,-73.998511926693084
218.0,40.69028437,-73.98707105
3736.0,40.727243,-73.976831
3080.0,40.70934,-73.95608
319.0,40.711390149752759,-74.009437006145234
3799.0,40.74964,-73.98805
3317.0,40.6686273,-73.98700053
4200.0,40.844811,-73.912042
3400.0,40.796153535804415,-73.9478214152551
3288.0,40.778301007561993,-73.948813412836984
72.0,40.767272158968012,-73.993928884061546
3046.0,40.682601,-73.938037
3918.0,40.72387,-73.975767
267.0,40.750977114649338,-73.9876542861167
505.0,40.749012709972639,-73.988483951110638
3578.0,40.6741806,-73.9564947
3870.0,40.697481,-73.935877
3134.0,40.76312584,-73.96526895
3929.0,40.81093,-73.921606
357.0,40.73261787,-73.99158043
3105.0,40.724055,-73.955736
195.0,40.70905623,-74.01043382
489.0,40.75066386,-74.00176802
3345.0,40.78948538878236,-73.9524293048636
504.0,40.732218527360466,-73.98165557291226
4162.0,40.834124,-73.88955
476.0,40.7439431372442,-73.979660690991437
4165.0,40.82809,-73.91288
3734.0,40.759124976937272,-73.962657986510891
3735.0,40.752694,-74.002353
3057.0,40.691282598061925,-73.9452415687412
4212.0,40.83171,-73.90208
448.0,40.756603608838965,-73.99790090133699
4107.0,40.837213,-73.908345
3125.0,40.747085822649275,-73.9497723478309
3282.0,40.783069995059748,-73.959389998199356
3604.0,40.6630619,-73.9538746
3295.0,40.791269998126381,-73.964839001117241
281.0,40.764397099157918,-73.973714650605132
3958.0,40.812299,-73.92037
3263.0,40.729420754725119,-73.990791721811732
3863.0,40.69296,-73.91605
3965.0,40.814046714606739,-73.911859355805248
4010.0,40.825244,-73.947257
143.0,40.692395010543351,-73.993379056985049
4154.0,40.820578,-73.888271
375.0,40.72679454,-73.99695094
421.0,40.69573398,-73.97129668
4028.0,40.830702,-73.936371
344.0,40.685144312637718,-73.9538090280514
4068.0,40.852252,-73.937854
4252.0,40.827629,-73.886659
3073.0,40.70691254,-73.95441667
250.0,40.72456089,-73.99565293
3973.0,40.827212,-73.942722
160.0,40.7481951582064,-73.978311714723773
3396.0,40.6783563,-74.00014502
3395.0,40.6763744,-74.00324957
385.0,40.75797322,-73.96603308
3181.0,40.692609,-74.016398
3656.0,40.723077468260804,-73.9858362112757
3363.0,40.7904828,-73.95033068
4130.0,40.831584,-73.9149
433.0,40.72955361,-73.98057249
3050.0,40.6851532,-73.94111
496.0,40.73726185933166,-73.992389669005462
3361.0,40.6740886,-73.9787282
4289.0,40.77813,-73.90842
3526.0,40.7747878,-73.9125551
3619.0,40.7713615,-73.9246145
3594.0,40.6661649,-73.9593484
260.0,40.703651823478111,-74.0116779832063
3740.0,40.726378,-74.000472
3780.0,40.703545056910571,-73.917774903064412
4050.0,40.833303,-73.939326
3092.0,40.719009499779986,-73.958525160997226
3778.0,40.7027,-73.92095
3171.0,40.78524672,-73.97667321
289.0,40.6845683,-73.95881081
4157.0,40.833246,-73.896599
3485.0,40.725208,-73.974724
3118.0,40.735550018778,-73.952840002072051
4211.0,40.82995,-73.898802
3545.0,40.8120562,-73.9612547
3321.0,40.6831164,-73.99785267
546.0,40.744449200408923,-73.983035289766434
3075.0,40.70708701,-73.95796783
4142.0,40.816126,-73.891559
3811.0,40.77485,-73.9342
3294.0,40.7835016,-73.955327
3901.0,40.70998,-73.91116
297.0,40.734231997515707,-73.986922990116341
146.0,40.716250078717636,-74.009105904584771
3970.0,40.819609,-73.916071
3953.0,40.82281,-73.937413
3952.0,40.806896,-73.911837
3789.0,40.68186,-73.959432
3825.0,40.68139,-73.90756
3142.0,40.761227399027987,-73.960940224529992
83.0,40.68382604,-73.97632328
4000.0,40.819783,-73.936521
513.0,40.768253994150378,-73.988639001683993
3760.0,40.705614,-73.92153
4230.0,40.8358771,-73.8931428
3375.0,40.7699426,-73.96060712
4203.0,40.824956,-73.891677
3786.0,40.714193,-73.996732
4137.0,40.823872,-73.908699
3299.0,40.78813,-73.95206
3165.0,40.775793063619005,-73.976202857688293
4070.0,40.849972,-73.938423
336.0,40.73047747,-73.99906065
3609.0,40.769247537482563,-73.93545037756526
4080.0,40.831444,-73.926226
3946.0,40.818477,-73.947568
316.0,40.709559582574187,-74.006536092711457
3124.0,40.74731,-73.95451
3879.0,40.68822,-73.91966
3085.0,40.71469,-73.95739
3621.0,40.7739825,-73.9309134
3315.0,40.6847514,-73.99917254
151.0,40.722026848278219,-73.9972367360392
3309.0,40.7859201,-73.94860294
507.0,40.7391260123318,-73.979737760699663
4236.0,40.768333,-73.992573
351.0,40.70530954,-74.00612572
120.0,40.68676793,-73.95928168
3873.0,40.70068,-73.90742
3935.0,40.816355,-73.954295
4163.0,40.832649,-73.885272
2001.0,40.699688740766611,-73.9792749324156
466.0,40.74395411,-73.99144871
3017.0,40.751483,-73.996764
3814.0,40.761573,-73.972628
3490.0,40.796879006291917,-73.937261038427565
396.0,40.680342417474584,-73.955768942909828
417.0,40.71291224,-74.01020234
3922.0,40.807466,-73.927107
3368.0,40.6728155,-73.98352355
3914.0,40.783786,-73.981687
3123.0,40.744697437987,-73.935403732026813
441.0,40.756014,-73.967416
437.0,40.680983385449778,-73.950047975944969
3558.0,40.679438811092865,-73.968043799134236
249.0,40.718709872275056,-74.009000907834491
4090.0,40.823429,-73.924689
4035.0,40.831327,-73.946665
332.0,40.712199065694371,-73.979481483686484
3569.0,40.675832438558821,-73.956167694461868
3924.0,40.810893,-73.927311
4126.0,40.825737,-73.927311
3098.0,40.71928,-73.94861
3161.0,40.780183964259194,-73.977285323559585
3998.0,40.813619,-73.939336
3576.0,40.676700005935885,-73.969023979738822
519.0,40.751905842889087,-73.977745091521328
3116.0,40.73266,-73.95826
3912.0,40.7903,-73.9597
309.0,40.7149787,-74.013012
384.0,40.683085314495727,-73.965215827153429
4014.0,40.829114,-73.950426
3341.0,40.795346,-73.96186
517.0,40.751601656580974,-73.97801139222851
3517.0,40.7711528,-73.9170074
3549.0,40.678045,-73.962408
426.0,40.717548342091291,-74.013220689682058
2009.0,40.71117444,-73.99682619
259.0,40.7012212788697,-74.012342183360161
3833.0,40.69122,-73.91693
3959.0,40.823498,-73.94386
3347.0,40.6773429,-74.01275056
4087.0,40.84207,-73.926075
3951.0,40.808633,-73.916124
530.0,40.771512987115365,-73.990512264078163
3968.0,40.814232,-73.903927
3550.0,40.81413,-73.953005
3415.0,40.6793307,-73.97519523
410.0,40.72066442,-73.98517977
3084.0,40.71348658,-73.94792458
4062.0,40.844044,-73.933651
3980.0,40.829523,-73.944279
3308.0,40.6861758,-73.99645295
284.0,40.739016918500496,-74.002637619222426
3068.0,40.7031724,-73.940636
4146.0,40.818743,-73.890247
263.0,40.717332103180979,-73.996353922154142
420.0,40.68764484,-73.96968902
512.0,40.7500727,-73.99839279
3534.0,40.805159,-73.954692
3967.0,40.826969,-73.949738
3628.0,40.8025566,-73.9490782
400.0,40.71926081,-73.98178024
241.0,40.68981035,-73.97493121
3961.0,40.820036,-73.921411
128.0,40.72710258,-74.00297088
3119.0,40.74232745665055,-73.954117462334338
3898.0,40.763954,-73.9646
3300.0,40.665146812754294,-73.976376067651231
3568.0,40.7569332,-73.9262231
4161.0,40.84224,-73.8985
392.0,40.695065,-73.987167
349.0,40.71850211,-73.98329859
4083.0,40.83649,-73.918316
233.0,40.693006720053781,-73.989849715676215
3226.0,40.78275,-73.97137
3159.0,40.774925135539739,-73.982665661723132
3450.0,40.7512836,-73.9969245
3306.0,40.6662078,-73.98199886
4005.0,40.821294,-73.947868
3162.0,40.78339981,-73.98093133
3882.0,40.69517,-73.90311
4288.0,40.774798,-73.903787
490.0,40.751551002273537,-73.993934005397733
3083.0,40.71247661,-73.94100005
3815.0,40.755293,-73.967641
3506.0,40.801306520979736,-73.939816771563343
285.0,40.734545669145326,-73.990741421971322
4321.0,40.780478,-73.912212
3808.0,40.752474,-73.939991
3957.0,40.811675,-73.917037
3048.0,40.68402,-73.94977
3949.0,40.807408,-73.91924
301.0,40.722174439456204,-73.9836877878559
3668.0,40.723956829055666,-73.94984365169951
4191.0,40.827301,-73.896372
3390.0,40.79329668,-73.9432083
3137.0,40.77282817194925,-73.966852773014438
354.0,40.693631436644587,-73.9622355685286
3546.0,40.6791944,-73.9587903
534.0,40.70255065,-74.0127234
3182.0,40.686931,-74.016966
4182.0,40.831998,-73.892686
313.0,40.69610226,-73.96751037
4158.0,40.830529,-73.894717
296.0,40.71413089,-73.9970468
480.0,40.766696711186789,-73.990617285410607
3525.0,40.776165,-73.9153175
4136.0,40.824,-73.91089
3913.0,40.699569,-73.979827
3777.0,40.699304,-73.923044
447.0,40.763707391728367,-73.985161504952771
322.0,40.696192,-73.991218
3094.0,40.7169811,-73.94485918
4156.0,40.83545,-73.90153
3950.0,40.809619,-73.917875
3086.0,40.715143008164773,-73.944506995169732
3129.0,40.751101656456079,-73.940737171888841
3824.0,40.6786,-73.90369
418.0,40.70224,-73.982578
82.0,40.7111741461469,-74.000165459846272
3339.0,40.6765304,-73.97846879
3987.0,40.813135,-73.909235
4316.0,40.75388,-73.914952
3143.0,40.776460151494938,-73.96416829288583
3559.0,40.7576314,-73.9391224
4063.0,40.846052,-73.937648
3880.0,40.709800209095654,-73.91726971772087
4134.0,40.816343,-73.896447
3336.0,40.787801002330376,-73.953558993453868
3103.0,40.72153267,-73.95782357
479.0,40.760192522076956,-73.991255101916
3392.0,40.6812117,-74.00860912
458.0,40.751396001631804,-74.00522599668777
469.0,40.76344058,-73.98268129
3146.0,40.77573034,-73.9567526
525.0,40.755941586464267,-74.002116295808207
236.0,40.72841859886519,-73.987139556910677
3919.0,40.70437,-74.00637
3982.0,40.817166,-73.914737
3835.0,40.69385,-73.90974
3163.0,40.7734066,-73.97782542
492.0,40.75019995,-73.99093085
3723.0,40.695317264745832,-73.990157199453236
4018.0,40.817555,-73.957163
4312.0,40.77977,-73.923162
4138.0,40.82696,-73.907451
453.0,40.744751486448756,-73.999153614041418
3932.0,40.816576,-73.927987
3245.0,40.654174482597377,-74.010486322510559
537.0,40.74025878,-73.98409214
3019.0,40.716633,-73.981933
411.0,40.722280868328653,-73.976687091861976
3852.0,40.70869,-73.92587
515.0,40.760094375680765,-73.99461843239348
4056.0,40.839137,-73.941409
442.0,40.746647,-73.993915
3599.0,40.66314,-73.9605695
4249.0,40.836179136774753,-73.907301463227654
497.0,40.737049839934365,-73.990092958561021
4036.0,40.7639089,-73.9477213
4002.0,40.820877,-73.939249
428.0,40.72467721,-73.98783413
3468.0,40.7303801,-73.9747502
4027.0,40.830663,-73.941323
4117.0,40.66407983678161,-73.960251286666789
2005.0,40.70531194,-73.97100056
4266.0,40.760083,-73.907107
367.0,40.75828065,-73.97069431
3773.0,40.70539,-73.92976
468.0,40.765265383343433,-73.981923394171659
4302.0,40.778557,-73.919046
3093.0,40.717451682724374,-73.958509392458851
353.0,40.685395678667341,-73.9743145754883
3090.0,40.71774592,-73.95600096
3164.0,40.777057496494237,-73.978984753365708
3934.0,40.816234,-73.948222
3113.0,40.730260023916493,-73.953939969619583
3831.0,40.68663,-73.9168
407.0,40.700469,-73.991454
3762.0,40.677027,-73.9865
3518.0,40.808442,-73.9452087
464.0,40.75934501,-73.96759673
3510.0,40.807831638419039,-73.949373020616832
3995.0,40.81219095927505,-73.937838034541556
4082.0,40.833909,-73.92112
3886.0,40.70553,-73.9096
3047.0,40.682368716132984,-73.9441179969845
276.0,40.71748752,-74.0104554
3571.0,40.676368,-73.952918
3584.0,40.67077670445007,-73.957680126303828
3326.0,40.67434,-74.00194698
3335.0,40.6772744,-73.98282002
3769.0,40.707174,-73.93581
4112.0,40.78294,-73.93077
2004.0,40.724399,-74.004704
4013.0,40.82831,-73.942924
3555.0,40.751047,-73.93797
540.0,40.74275669078623,-73.982384173029516
3044.0,40.6800105,-73.938475
3566.0,40.7596276,-73.9321455
4078.0,40.823732,-73.919379
3947.0,40.804168,-73.911545
237.0,40.73047309,-73.98672378
3876.0,40.699219755951191,-73.897950210042012
3613.0,40.745038029698691,-73.957539045103744
3502.0,40.7954121,-73.9441232
524.0,40.75527307,-73.98316936
3857.0,40.72158,-73.94546
3498.0,40.7974772,-73.9311847
3423.0,40.661063378736458,-73.979452554406734
4133.0,40.815077,-73.899939
4193.0,40.85168,-73.94186
526.0,40.747659478738349,-73.984907077124362
251.0,40.723179573579941,-73.994800121087891
539.0,40.71534825,-73.96024116
3348.0,40.677236,-74.015665
4166.0,40.82441,-73.92818
3384.0,40.6787242,-73.99599099
4183.0,40.839229,-73.899047
3121.0,40.74524768,-73.94733276
4001.0,40.821111,-73.935971
3707.0,40.741458975156441,-73.983292995010856
312.0,40.722055,-73.989111
3530.0,40.7787185,-73.9145645
3737.0,40.720747,-73.986274
457.0,40.76695317,-73.98169333
4144.0,40.816567,-73.888161
4232.0,40.756951,-73.982631
4169.0,40.83899,-73.9109
3036.0,40.762660237864651,-73.958903763975428
3680.0,40.754120830003231,-73.980251843190828
4202.0,40.819999,-73.897263
4174.0,40.834857,-73.903743
317.0,40.72453734,-73.98185424
4132.0,40.812769,-73.901583
3598.0,40.7595701,-73.9142678
3711.0,40.729667308144705,-73.980679653786126
3120.0,40.74161,-73.96044
4006.0,40.814673,-73.91839
4058.0,40.75863,-73.97513
3562.0,40.6765198,-73.9596082
326.0,40.72953837,-73.98426726
391.0,40.697601272362753,-73.993445581433861
116.0,40.741776033949364,-74.001497458394823
3911.0,40.683426,-73.984275
3923.0,40.808484,-73.928803
3620.0,40.7519071,-73.9479119
264.0,40.70706456,-74.00731853
4024.0,40.826406,-73.937948
4060.0,40.842173,-73.935111
478.0,40.760300964087222,-73.998842215075683
3387.0,40.7934337,-73.94945003
3062.0,40.695398158559634,-73.949549092955991
3456.0,40.71638027450792,-73.948212717780976
499.0,40.769155054415776,-73.981918415652459
3690.0,40.713341829050272,-74.009355183473659
3058.0,40.69237074,-73.93705428
3285.0,40.78839,-73.9747
3883.0,40.70577,-73.91292
3077.0,40.708770856086382,-73.950952577533172
498.0,40.74854862,-73.98808416
4086.0,40.840536,-73.919228
3537.0,40.6809741,-73.9710097
4094.0,40.825716,-73.915585
3869.0,40.692,-73.92617
491.0,40.740963734529309,-73.986022129874343
3349.0,40.6729679,-73.97087984
3905.0,40.732647,-73.99011
3394.0,40.6769993,-74.00647134
3107.0,40.723116501668443,-73.9521232465425
4047.0,40.832081,-73.942386
3850.0,40.709070386614,-73.921570594471021
239.0,40.691965660258823,-73.9813017901882
3154.0,40.77314236,-73.95856158
3441.0,40.752957,-74.00264
3494.0,40.797911,-73.9423
270.0,40.69308257,-73.97178913
415.0,40.7047177,-74.00926027
3756.0,40.704508,-73.9351
2012.0,40.739445,-73.976806
4331.0,40.751555,-73.915026
4175.0,40.838379,-73.905838
307.0,40.71427487,-73.98990025
488.0,40.75645824,-73.99372222
3102.0,40.72179134,-73.9504154
3861.0,40.70113,-73.91422
3340.0,40.6753274,-74.0100698
3862.0,40.69714,-73.91566
4258.0,40.754795,-73.917014
3095.0,40.71929301,-73.94500379
294.0,40.73049393,-73.9957214
3816.0,40.71429,-73.93323
4317.0,40.757764,-73.907654
4017.0,40.81449,-73.936153
3126.0,40.747182323602523,-73.943263510214265
3114.0,40.73165141,-73.96161892
3049.0,40.68488,-73.96304
4180.0,40.830025,-73.886312
529.0,40.7575699,-73.99098507
462.0,40.74691959,-74.00451887
3061.0,40.69622937,-73.94371094
402.0,40.7403432,-73.98955109
522.0,40.75714758,-73.97207836
3975.0,40.820713,-73.911759
229.0,40.72743423,-73.99379025
3333.0,40.6747055,-74.0075572
4199.0,40.83406,-73.92243
3821.0,40.701059991689753,-73.933179836565088
291.0,40.713126,-73.984844
4279.0,40.756265,-73.964179
4011.0,40.816124,-73.908116
3766.0,40.715353,-73.93856
3560.0,40.754876,-73.934326
4106.0,40.832812,-73.929372
3941.0,40.801657,-73.909513
3324.0,40.6685455,-73.99333264
4204.0,40.826706,-73.888719
3746.0,40.724308329053109,-74.0047303508522
3614.0,40.768692,-73.9249574
334.0,40.742387873439483,-73.9972623541448
4255.0,40.753091,-73.920603
3346.0,40.675146806182731,-73.9752320595812
364.0,40.68900442989051,-73.960238509390791
327.0,40.715337902850429,-74.016583537487776
4093.0,40.827115,-73.92272
3507.0,40.8045555,-73.9396861
3783.0,40.70838,-74.00495
4053.0,40.835798,-73.937496
3966.0,40.811314,-73.907729
280.0,40.733319675849145,-73.995101319128921
3617.0,40.7671,-73.9169858
315.0,40.70355377,-74.00670227
3840.0,40.69811,-73.90904
3856.0,40.72577,-73.94173
4181.0,40.832171,-73.889686
161.0,40.729170246654725,-73.998102309707534
329.0,40.7203971900305,-74.010226907842949
3323.0,40.7981856,-73.9605909006
3374.0,40.799484002827462,-73.955613002120586
3322.0,40.66860296924569,-73.990439326587449
4313.0,40.763328,-73.908782
3531.0,40.8125511,-73.9492286
3127.0,40.74966,-73.9521
3920.0,40.810224,-73.937195
3595.0,40.760339,-73.9222427
3463.0,40.735367045434614,-73.987973936085424
3994.0,40.802554,-73.933509
3155.0,40.76440023,-73.96648977
3417.0,40.679576607091413,-73.978549734290524
3422.0,40.6859296,-74.00242364
4069.0,40.848282,-73.941343
3156.0,40.766638141892173,-73.953482957474577
3219.0,40.729193,-73.976655
4016.0,40.812346,-73.946168
3585.0,40.6691783,-73.9554162
434.0,40.743174489249292,-74.003664431443724
3382.0,40.680610991493921,-73.994758253365546
3436.0,40.721319,-74.010065
3066.0,40.69957608,-73.94708417
4254.0,40.752443,-73.929737
3167.0,40.779668087556011,-73.980930444072854
3398.0,40.6746957,-73.99785768
3367.0,40.792255261303545,-73.952499345433878
3573.0,40.758058296286393,-73.92427501877826
4264.0,40.755763,-73.912715
3776.0,40.700003,-73.92834
346.0,40.736528893443982,-74.006180265992583
3993.0,40.771771,-73.990625
3906.0,40.711444,-74.014847
485.0,40.7503800788105,-73.983389876838928
531.0,40.71893904,-73.99266288
3244.0,40.731437238885796,-73.9949034158759
3872.0,40.6972,-73.90674
3605.0,40.7658346,-73.9265474
449.0,40.76461837,-73.98789473
408.0,40.71076228,-73.99400398
3848.0,40.69544,-73.93223
3561.0,40.7531106,-73.9279917
4139.0,40.824796,-73.90242
3892.0,40.75473,-73.93367
4271.0,40.757525,-73.901614
3501.0,40.8014866,-73.9442507
3350.0,40.797372092962448,-73.970411931122385
3500.0,40.7989445,-73.944846
4229.0,40.840494,-73.911479
167.0,40.748900600657187,-73.9760488262888
366.0,40.693261,-73.968896
495.0,40.76269882,-73.99301222
3117.0,40.735640019695872,-73.958660004923942
3413.0,40.6827549,-73.98258555
3878.0,40.69812,-73.90271
3583.0,40.6716493,-73.9631145
483.0,40.73223272,-73.98889957
403.0,40.72502876,-73.99069656
335.0,40.729039162644526,-73.994046496749149
472.0,40.745712100686141,-73.9819482925065
4256.0,40.767666,-73.910963
3938.0,40.80262,-73.9174
3478.0,40.65708862420859,-74.008702090360842
3303.0,40.6849894,-73.99440329
3542.0,40.808624912856025,-73.95962137870238
4210.0,40.83196,-73.91956
2006.0,40.765909366532156,-73.976341513943879
3804.0,40.702461,-73.986842
3242.0,40.691029269015516,-73.991833629321007
3983.0,40.817802,-73.905203
3888.0,40.70793,-73.91092
3909.0,40.704079975046788,-73.904080286961943
377.0,40.72243797,-74.00566443
3822.0,40.70076,-73.93641
3839.0,40.69545,-73.91164
3148.0,40.775655412918155,-73.950686144189348
470.0,40.74345335,-74.00004031
533.0,40.75299641,-73.98721619
435.0,40.741739693441808,-73.994155562306076
373.0,40.69331716,-73.95381995
247.0,40.73535398,-74.00483091
252.0,40.73226398,-73.99852205
3984.0,40.824013,-73.954743
399.0,40.68851534,-73.9647628
4057.0,40.839443,-73.937044
248.0,40.72185379,-74.00771779
4079.0,40.828847,-73.91769
3516.0,40.7699176,-73.9184057
3790.0,40.7003,-73.991581
523.0,40.754665910720973,-73.991381521334688
508.0,40.763413794525135,-73.996674450232391
4048.0,40.832314,-73.94102
3795.0,40.671907,-73.993612
3844.0,40.69943,-73.91337
4177.0,40.831762,-73.896853
4287.0,40.772717,-73.906127
4273.0,40.769219,-73.901001
3553.0,40.801694057227984,-73.95714494982694
3846.0,40.69676,-73.92302
4029.0,40.816402,-73.919549
4109.0,40.84925,-73.93022
2022.0,40.758910054280086,-73.9592176318345
3827.0,40.685650050578033,-73.915640196531783
244.0,40.69196035,-73.96536851
3393.0,40.6794327,-74.00785041
238.0,40.736196703546341,-74.008592076215621
3358.0,40.6711978,-73.97484126
388.0,40.749717750542032,-74.00295034956963
4244.0,40.752149,-73.989539
232.0,40.69597683,-73.99014892
4147.0,40.821075,-73.895069
3875.0,40.6988,-73.9007
4262.0,40.752372,-73.925384
3539.0,40.806758081836705,-73.9607082309502
4179.0,40.830051,-73.892103
4105.0,40.823162,-73.923267
4245.0,40.821952,-73.888546
3687.0,40.743226810427473,-73.9744978312609
3532.0,40.78145,-73.9183302
3063.0,40.69527008,-73.95238108
4188.0,40.83299,-73.94592
4091.0,40.829797,-73.931015
3071.0,40.70538077,-73.94976519
2008.0,40.705692543946974,-74.01677684765481
174.0,40.738176486502816,-73.977386615564583
3378.0,40.773762989346558,-73.962220876915936
3503.0,40.80295,-73.942954
3313.0,40.6663181,-73.9854617
3110.0,40.727085858741432,-73.952991170181036
3611.0,40.7449067,-73.9534573
127.0,40.73172428,-74.00674436
3554.0,40.7552433,-73.9485678
405.0,40.739323,-74.008119
3179.0,40.698617,-73.941342
3175.0,40.77748045114182,-73.982885940682465
494.0,40.74734823300777,-73.997235519635
3370.0,40.772796603491919,-73.95577801381107
3926.0,40.81014,-73.93973
4061.0,40.84522,-73.940493
3630.0,40.803865354678045,-73.955930803624085
3297.0,40.6686627,-73.97988067
3511.0,40.802535,-73.9532423
3902.0,40.70694,-73.90632
3787.0,40.699850097408088,-73.9714099652719
3708.0,40.735445,-73.99431
3523.0,40.7729,-73.916142
3524.0,40.7774552,-73.9225403
4031.0,40.81989,-73.908351
4173.0,40.825322,-73.887729
3933.0,40.817755,-73.92965
3582.0,40.6721683,-73.9609
217.0,40.70277159,-73.99383605
3512.0,40.7747175,-73.9337894
372.0,40.694539311636923,-73.95804187898645
3178.0,40.784144737994538,-73.9836249068521
4113.0,40.79346,-73.92389
4012.0,40.827075,-73.945909
4122.0,40.792495194951108,-73.964170664630714
3593.0,40.761584,-73.925921
3401.0,40.6724811,-73.99331394
4238.0,40.762009,-73.996975
4120.0,40.7494985460252,-73.977292031131583
4085.0,40.839549,-73.913004
3139.0,40.771184738234325,-73.964103616284774
3140.0,40.771404248005972,-73.953516595587644
4160.0,40.843079,-73.900216
3065.0,40.70029511,-73.95032283
4213.0,40.835302,-73.895133
438.0,40.72779126,-73.98564945
278.0,40.697665645665289,-73.984764390936121
3311.0,40.68763158162438,-74.0016255855426
4206.0,40.811892,-73.904192
3631.0,40.666563,-73.956741
511.0,40.72938685,-73.97772429
3556.0,40.7527085,-73.9397405
275.0,40.68650065,-73.96563307
258.0,40.68940747,-73.96885458
79.0,40.719115518193227,-74.006666615214314
3147.0,40.778012052339143,-73.9540714657724
521.0,40.750673249846457,-73.9946515168504
4275.0,40.783956,-73.916894
4088.0,40.843965,-73.920999
3150.0,40.77536905,-73.94803392
406.0,40.69512845,-73.99595065
3867.0,40.67945,-73.90474
3964.0,40.814383,-73.915368
432.0,40.726217877109214,-73.983798548104531
3847.0,40.69671,-73.92807
4268.0,40.753441,-73.912402
4092.0,40.830179,-73.928747
3158.0,40.77163852214548,-73.982614283440924
493.0,40.7568001,-73.98291153
3052.0,40.686312,-73.935775
4171.0,40.828199,-73.903719
3602.0,40.763154,-73.920827
4102.0,40.829608,-73.921461
4075.0,40.78476,-73.969862
4121.0,40.74714,-73.97113
3130.0,40.75325964,-73.94335788
243.0,40.688208131116973,-73.979230119870522
3945.0,40.819746,-73.951819
3112.0,40.729059992827224,-73.957790008187771
3565.0,40.7614376,-73.9411265
3774.0,40.704425,-73.92836
3988.0,40.805631,-73.934077
4247.0,40.832164,-73.949702
4168.0,40.842675,-73.908544
304.0,40.70463334,-74.01361706
293.0,40.7302439330848,-73.990904318043363
3416.0,40.677614689802084,-73.97324284256149
3379.0,40.790305114522454,-73.947557558347526
4115.0,40.80046,-73.92404
4019.0,40.803399,-73.919763
4128.0,40.837576,-73.910489
3469.0,40.7318139963117,-73.9599501842696
3785.0,40.754920002262644,-73.98455004101028
3928.0,40.813539,-73.94521
4084.0,40.835334,-73.9154
3359.0,40.7691572,-73.96703464
4285.0,40.765753,-73.90676
254.0,40.73532427,-73.99800419
379.0,40.749155999360291,-73.991600001640265
3548.0,40.6777747,-73.9529322
314.0,40.693859459803605,-73.990653535113026
3520.0,40.804372,-73.951475
4101.0,40.826677,-73.929327
360.0,40.70717936,-74.00887308
3625.0,40.7525758,-73.9364281
3960.0,40.822756,-73.951346
3132.0,40.7635053236996,-73.971092429308726
484.0,40.75500254,-73.98014437
3851.0,40.71401,-73.92793
223.0,40.73781509,-73.99994661
3859.0,40.72795,-73.95414
4205.0,40.841092,-73.892317
3910.0,40.709697,-73.907856
3881.0,40.818299,-73.960405
3803.0,40.665816,-73.956934
3897.0,40.70863,-73.91497
516.0,40.752068618918216,-73.967843842461846
3514.0,40.776699977420819,-73.92763104415846
3496.0,40.7923272,-73.9383
3589.0,40.7668,-73.9347774
3956.0,40.811113938864629,-73.914929965065511
3241.0,40.686203,-73.944694
3763.0,40.707164987835448,-73.923710947581839
3404.0,40.6704922,-73.98541675
3969.0,40.815887,-73.911918
3055.0,40.6883337,-73.950916
3351.0,40.7869946,-73.94164802
467.0,40.68312489,-73.97895137
3939.0,40.800933,-73.913863
3541.0,40.813358,-73.956461
4025.0,40.826881,-73.941427
3435.0,40.718822001184755,-73.995959993610342
3054.0,40.6894932,-73.942061
3616.0,40.7656251,-73.9136695
3420.0,40.6802133,-73.98432695
265.0,40.72229346,-73.99147535
310.0,40.689269417879835,-73.989128668987448
253.0,40.73543934,-73.99453948
3298.0,40.686371,-73.99383324
3312.0,40.781721203905853,-73.945940014850109
3574.0,40.676969401123337,-73.965789970998514
3917.0,40.69178,-73.97877
4103.0,40.834457,-73.928381
216.0,40.70037867,-73.99548059
4054.0,40.839278,-73.945446
368.0,40.73038599,-74.00214988
455.0,40.75001986,-73.96905301
3580.0,40.673723615661387,-73.9631610342097
487.0,40.733142592759535,-73.975738814059085
3744.0,40.725864,-73.986389
3283.0,40.7882213,-73.97041561
3985.0,40.820302,-73.903944
137.0,40.761628,-73.972924
3316.0,40.7989937,-73.9662173778
3233.0,40.757245685183776,-73.978059134309973
4239.0,40.757334,-73.974235
473.0,40.72110063,-73.9919254
3122.0,40.744363241575456,-73.955873255190781
3365.0,40.6703837,-73.97839676
4260.0,40.769673,-73.906018
3570.0,40.7557327,-73.9236611
3078.0,40.709249509653056,-73.960495322381021
3522.0,40.7701477,-73.9120938
3567.0,40.7627442,-73.9391141
3813.0,40.745686,-74.005141
348.0,40.72490985,-74.00154702
3149.0,40.77517793,-73.95324922
502.0,40.71421412540564,-73.981291119204258
4263.0,40.763422,-73.914142
3289.0,40.790179493759823,-73.972889202292578
3927.0,40.81296,-73.941878
431.0,40.68864636,-73.98263429
3596.0,40.6642406,-73.9574686
3096.0,40.71924,-73.95242
4135.0,40.819701,-73.901311
3091.0,40.71764,-73.94882
3782.0,40.698458,-73.997178
311.0,40.717227389728642,-73.988020848194012
318.0,40.75320159,-73.9779874
4153.0,40.82394,-73.894025
3854.0,40.716656840804461,-73.936369668039731
3832.0,40.69055,-73.91181
459.0,40.746744997240768,-74.007755997200036
3320.0,40.793889826498308,-73.963048765241581
3877.0,40.70555,-73.90245
3411.0,40.6849668,-73.98620772
3513.0,40.774645,-73.923706
342.0,40.71739973,-73.98016555
3397.0,40.6763947,-73.99869893
3592.0,40.7633589,-73.9286471
3836.0,40.69146,-73.92146
2017.0,40.75022392,-73.97121414
4194.0,40.840484,-73.917946
3724.0,40.766740561495233,-73.979069003262765
4386.0,40.646377,-74.023087
3377.0,40.6786115,-73.99037292
3428.0,40.740983,-74.001702
3894.0,40.740983,-74.001702
4151.0,40.832678,-73.905158
4021.0,40.813224,-73.930605
3505.0,40.805726,-73.936322
3575.0,40.76108,-73.930562
419.0,40.69580705,-73.97355569
3739.0,40.735918,-74.000939
4118.0,40.708588942405811,-74.009354822358091
3977.0,40.81899,-73.90202
3452.0,40.719155712980161,-73.948853939264623
3907.0,40.70112,-73.93039
4141.0,40.818185,-73.894143
4065.0,40.848467,-73.936064
3608.0,40.7423737,-73.9566
482.0,40.739355421636319,-73.999317826654547
3170.0,40.78499979,-73.97283406
3067.0,40.7016657,-73.9437303
3408.0,40.6881529,-73.99520919
3607.0,40.7682,-73.9322662
295.0,40.71406667,-73.99293911
3864.0,40.68929,-73.90951
4152.0,40.830471,-73.904556
363.0,40.70834698,-74.01713445
3727.0,40.717662097526159,-73.9487993939752
3173.0,40.777507036906961,-73.988885880231976
3834.0,40.69467,-73.90663
3056.0,40.690725526837682,-73.9513346114241
340.0,40.71269042,-73.98776323
3908.0,40.70463,-74.01507
404.0,40.7405826,-74.00550867
3601.0,40.6627059,-73.9569115
3837.0,40.69329,-73.92852
300.0,40.728145,-73.990214
255.0,40.646768,-74.01651
3931.0,40.814469,-73.924963
3072.0,40.705833430710854,-73.946445799340452
3412.0,40.685376129263609,-73.983021358998116
4228.0,40.839194,-73.888587
430.0,40.7014851,-73.98656928
3292.0,40.7857851,-73.957481
416.0,40.68753406,-73.97265183
3900.0,40.72226,-73.93889
4222.0,40.822217,-73.928939
242.0,40.697802802844429,-73.973697903117326
510.0,40.7606597,-73.98042047
3344.0,40.679043,-74.011169
3529.0,40.8107922,-73.9430681
3588.0,40.7671863,-73.9373554
3849.0,40.70636,-73.91945
3354.0,40.668131996851564,-73.973638318626982
4310.0,40.756351,-73.936515
3381.0,40.6777287,-73.99364123
3082.0,40.71167351,-73.95141312
3577.0,40.7628138,-73.9342862
387.0,40.71273266,-74.0046073
3955.0,40.808891,-73.91081
3389.0,40.6830456,-74.00348559
3043.0,40.6814598,-73.934903
4257.0,40.750181,-73.919998
3771.0,40.706237052722507,-73.9338710780127
152.0,40.71473993,-74.00910627
376.0,40.70862144,-74.00722156
4066.0,40.847305,-73.933291
461.0,40.73587678306464,-73.982050272591266
3424.0,40.791976,-73.945993
3996.0,40.806414,-73.936085
4074.0,40.838191,-73.936085
520.0,40.75992262,-73.97648516
422.0,40.7705129976923,-73.988038004327521
3060.0,40.69425403,-73.94626915
3989.0,40.808384181603778,-73.923603821933938
4004.0,40.820681,-73.945144
3772.0,40.713811,-73.93515
303.0,40.72362738,-73.99949601
164.0,40.75323098,-73.97032517
450.0,40.762272042954116,-73.987882056192319
3976.0,40.819823,-73.912411
3304.0,40.668127,-73.98377641
3329.0,40.6829151,-73.99318208
3014.0,40.722852,-73.959114
173.0,40.760674427244723,-73.984502881298582
4184.0,40.836733,-73.887931
4150.0,40.836103,-73.907199
4108.0,40.843264,-73.904867
4330.0,40.766824,-73.930486
3364.0,40.6751622,-73.9814832
4172.0,40.829896,-73.907618
4081.0,40.83173,-73.922394
3403.0,40.6705135,-73.98876585
3405.0,40.6704836,-73.98208968
3841.0,40.69543,-73.9196
2003.0,40.733857278432644,-73.980505215475944
3069.0,40.70411791,-73.94818595
3591.0,40.7659,-73.930819
358.0,40.732915535816105,-74.007113839389447
3572.0,40.756913,-73.921631
3758.0,40.702997,-73.92997
4009.0,40.827305,-73.951989
3536.0,40.8082,-73.9641
3255.0,40.750585353956289,-73.994684816951889
330.0,40.71450451,-74.00562789
3865.0,40.69081,-73.90448
3310.0,40.663779,-73.98396846
3618.0,40.7485,-73.941275
4195.0,40.83094,-73.91125
3421.0,40.6843549,-73.98901629
454.0,40.75455731,-73.96592976
3761.0,40.697842,-73.926241
3176.0,40.77452835,-73.98753759
4201.0,40.83999,-73.90549
3172.0,40.7785669,-73.97754961
4308.0,40.838315,-73.912604
3152.0,40.76873687,-73.96119945
532.0,40.710451,-73.960876
3074.0,40.707677869756409,-73.940161722667554
3820.0,40.69757,-73.93098
3538.0,40.802692,-73.96295
3579.0,40.672695042739235,-73.95413096295934
3812.0,40.734813991784577,-73.992084999142122
4227.0,40.837037,-73.890413
3978.0,40.82188,-73.907521
3921.0,40.805701,-73.925177
305.0,40.760957560539524,-73.967244679602047
356.0,40.71622644,-73.98261206
3887.0,40.712460167493795,-73.9187303939206
3509.0,40.801193865065109,-73.950073897837612
3246.0,40.694281185904551,-73.992300312997884
474.0,40.745167702455781,-73.986830767548724
3552.0,40.80597300060446,-73.9649280016119
3388.0,40.6828003,-73.99990419
3495.0,40.7945663,-73.9362541
3866.0,40.68906,-73.90506
536.0,40.741443865379395,-73.975360815645175
3305.0,40.781122323752754,-73.949655900035353
320.0,40.717560757541818,-74.005571363787524
3101.0,40.720798223901241,-73.954847133335491
4387.0,40.644512,-74.021506
3925.0,40.812304,-73.929153
465.0,40.75513557,-73.98658032
4104.0,40.818212,-73.955277
4208.0,40.822351,-73.926907
261.0,40.69474881,-73.98362464
168.0,40.73971301,-73.99456405
302.0,40.72082834,-73.97793172
3775.0,40.702013,-73.923769
3855.0,40.71882,-73.93948
3757.0,40.710681,-73.93372
4059.0,40.842941,-73.938631
119.0,40.69608941,-73.97803415
3788.0,40.73269,-73.98974
3330.0,40.6725058,-74.00494695
4125.0,40.827883,-73.927111
486.0,40.7462009,-73.98855723
369.0,40.73224119,-74.00026394
2000.0,40.702550887592729,-73.9894023578918
3133.0,40.76734290013794,-73.964860368013461
298.0,40.68683208,-73.9796772
3547.0,40.814325615698685,-73.959025499406408
3853.0,40.706860038588758,-73.928510135060648
3779.0,40.704876,-73.919911
3386.0,40.6809591,-73.99905709
463.0,40.74206539,-74.00443172
386.0,40.71494807,-74.00234482
3293.0,40.7921,-73.9739
500.0,40.762288254932145,-73.9833618285766
3890.0,40.69047,-73.923511
3587.0,40.6686744,-73.9618148
436.0,40.68216564,-73.95399026
3557.0,40.757420055259153,-73.945132892054119
4265.0,40.758057,-73.909831
321.0,40.69991755,-73.98971773
3508.0,40.809725,-73.953149
4032.0,40.82057,-73.917579
3842.0,40.69502,-73.92825
3087.0,40.71413311,-73.95234386
446.0,40.74487634,-73.99529885
4007.0,40.823168,-73.955857
,40.855556593201335,-73.892920433320867
3521.0,40.7987859,-73.9523
147.0,40.71542197,-74.01121978
4127.0,40.839142,-73.925961
3338.0,40.7862586,-73.94552579
4240.0,40.752643,-73.974996
3100.0,40.724812573134351,-73.947526191986157
3366.0,40.8021174,-73.9681805305
528.0,40.742909020486906,-73.9770605796758
362.0,40.751726322935681,-73.98753524571211
389.0,40.71044554,-73.96525063
4327.0,40.782465,-73.914527
4149.0,40.82895,-73.90521
3504.0,40.8029263,-73.9379
3885.0,40.70413,-73.90737
527.0,40.743898080167341,-73.975809896378564
383.0,40.735238,-74.000271
3108.0,40.725569987547644,-73.944339992572282
3327.0,40.7877214,-73.94728331
268.0,40.719105369616528,-73.999733374609733
3610.0,40.770845,-73.934171
3544.0,40.6804836,-73.9646795
3600.0,40.7611488,-73.9170071
4067.0,40.847396,-73.931205
3874.0,40.70461,-73.91054
3891.0,40.698,-73.9127
3497.0,40.7949879,-73.9333349
3972.0,40.822215,-73.914688
3527.0,40.80698,-73.941747
3135.0,40.77112927,-73.95772297
398.0,40.69165183,-73.9999786
3963.0,40.816827307228913,-73.917337911471975
4037.0,40.757284,-73.9536
4267.0,40.762507,-73.902534
514.0,40.760875020671293,-74.002776686570712
4314.0,40.761294,-73.909562
3383.0,40.804213,-73.96699104
4095.0,40.83263,-73.925101
3318.0,40.7839636,-73.9471673
3240.0,39.772924515691308,-72.203684694343991
347.0,40.728821468332043,-74.008338524286245
3059.0,40.6933982,-73.939877
3331.0,40.8013434,-73.9711457439
3453.0,40.713352255811728,-73.949103371741529
323.0,40.692361777950651,-73.986317458201682
501.0,40.744219,-73.97121214
3830.0,40.68858,-73.91227
427.0,40.70196458280229,-74.013973072901734
3168.0,40.784726751427506,-73.969617157224292
3002.0,40.711512,-74.015756
409.0,40.6906495,-73.95643107
460.0,40.712858870710456,-73.965902935454537
3353.0,40.6747844,-74.01612847
328.0,40.72405549,-74.00965965
475.0,40.73524276,-73.98758561
3302.0,40.7969347,-73.9643412291
509.0,40.745497301201453,-74.0019713876784
3528.0,40.7713937,-73.9077436
274.0,40.686918625124548,-73.976682008610865
4319.0,40.757357,-73.904726
3699.0,40.763604682757162,-73.989179579223915
443.0,40.70853074,-73.96408963
345.0,40.73649403,-73.99704374
393.0,40.72299208,-73.97995466
3053.0,40.6900815,-73.947915
3868.0,40.693,-73.90824
4328.0,40.840124,-73.93949
3040.0,40.66130597771852,-74.002798155313286
3940.0,40.800425,-73.911034
3409.0,40.6867443,-73.99063168
4159.0,40.839586,-73.900277
3160.0,40.77896784,-73.97374737
4131.0,40.844075,-73.917256
4192.0,40.826303,-73.898751
3731.0,40.758397,-73.98255
228.0,40.754601102537386,-73.971878855121133
3231.0,40.767800789910559,-73.965920792626378
245.0,40.693270155240633,-73.977038739244847
3826.0,40.68458,-73.90925
4198.0,40.824811,-73.916407
3385.0,40.7898175,-73.94296109
3770.0,40.702831,-73.9333
3064.0,40.69681963,-73.93756926
341.0,40.71782143,-73.97628939
3860.0,40.70166,-73.92754
4164.0,40.836274,-73.884308
279.0,40.70771017633276,-74.0012844727347
4186.0,40.818154,-73.925294
3291.0,40.7933718,-73.97685115
331.0,40.711731079978605,-73.991930430547072
545.0,40.736502004173374,-73.978094710825971
3157.0,40.775186164860777,-73.9444605315906
337.0,40.7037992,-74.00838676
339.0,40.72580614,-73.97422494
4269.0,40.754164,-73.908906
4099.0,40.834015,-73.908863
3903.0,40.68989,-73.91458
3425.0,40.7892105,-73.94370784
3106.0,40.72324998324801,-73.94308001232946
153.0,40.7520623071739,-73.981632404050643
4148.0,40.821967,-73.896752
3623.0,40.8109494,-73.9634
3986.0,40.81734,-73.922962
3597.0,40.7577284,-73.9166368
3410.0,40.6864442,-73.98759104
3290.0,40.777945316434746,-73.9460410149435
3287.0,40.789677495255368,-73.977531874151651
3805.0,40.776173,-73.959757
4044.0,40.75461,-73.99177
477.0,40.756405472462,-73.99002619449621
3042.0,40.6794268,-73.9298911
324.0,40.689888,-73.981013
3871.0,40.68281,-73.90623
3097.0,40.71921585,-73.9424469
3944.0,40.818215,-73.950988
395.0,40.68807003,-73.98410637
3369.0,40.772460697672628,-73.946820799530045
3166.0,40.780577999575257,-73.985624315856924
3145.0,40.7786268833674,-73.95772074154543
3937.0,40.805089,-73.918889
3622.0,40.807560084805658,-73.939181930388685
445.0,40.727407942796596,-73.981420053292339
3177.0,40.7867947,-73.977112
3838.0,40.69356,-73.92524
444.0,40.7423543,-73.98915076
4140.0,40.822545,-73.901824
4055.0,40.84004,-73.942939
394.0,40.72521311,-73.97768752
3586.0,40.7638753,-73.9364848
3843.0,40.69905,-73.91516
3612.0,40.7703743,-73.9286078
4034.0,40.821728,-73.952761
3076.0,40.70870368,-73.9448625
4318.0,40.755389,-73.911517
3823.0,40.70099,-73.93921
3884.0,40.69969,-73.9022
3221.0,40.743,-73.93561
3362.0,40.7781314,-73.96069399
3533.0,40.8114323,-73.9518776
3356.0,40.774667118943206,-73.984705688395039
306.0,40.70823502,-74.00530063
262.0,40.691782302742283,-73.973729898628818
3041.0,40.67890679,-73.94142771
4170.0,40.828975,-73.911259
3540.0,40.81,-73.9551508
225.0,40.74195138,-74.00803013
3418.0,40.6750207,-73.97111473
3759.0,40.70537975324094,-73.925350116227079
456.0,40.7597108,-73.97402311
3319.0,40.666286973562578,-73.9889505310162
3768.0,40.71019,-73.93734
414.0,40.70281858,-73.98765762
3930.0,40.812733371491873,-73.923695455686868
503.0,40.738274271947091,-73.987519689355
3581.0,40.6740123,-73.9671457
3798.0,40.752268994966414,-73.982079017233971
3020.0,40.6466068,-74.01597
4015.0,40.82923,-73.936996
3845.0,40.70108,-73.9179
3141.0,40.765005247246151,-73.9581849122329
4155.0,40.827184,-73.893721
343.0,40.697940002027373,-73.969868518233483
3563.0,40.757186,-73.932719
3081.0,40.711863,-73.944024
3817.0,40.71773,-73.94051
3000.0,40.755467,-73.986536
4076.0,40.820089,-73.928947
3493.0,40.799139,-73.9389152
3402.0,40.690237476068454,-73.99203073940555
4320.0,40.776168,-73.910485
3590.0,40.6679411,-73.9588
4045.0,40.77237,-73.99005
3236.0,40.758984809405945,-73.993799692026769
4143.0,40.813991,-73.8855
4129.0,40.832057,-73.927421
3551.0,40.795508,-73.941606
144.0,40.69839895,-73.98068914
3764.0,40.705517,-73.93936
3307.0,40.794165397850271,-73.974123998388364
3765.0,40.709897,-73.94008
4189.0,40.83579,-73.913741
282.0,40.707748365354554,-73.968403028389432
3491.0,40.79747,-73.93504
3136.0,40.766386083054705,-73.971512427134869
3128.0,40.75052534,-73.94594845
3492.0,40.8005385,-73.9419949
390.0,40.692215887864229,-73.9842843872936
4051.0,40.834468,-73.939865
3109.0,40.72606,-73.95621
266.0,40.72368361,-73.97574813
4209.0,40.838706,-73.927034
3606.0,40.7425200338481,-73.948852080953387
4116.0,40.830262,-73.923391
212.0,40.74334935,-74.00681753
3419.0,40.6792788,-73.98154004
3738.0,40.719383,-73.991479
3431.0,40.746524,-73.977885
481.0,40.712604862844984,-73.962644025363019
257.0,40.71939225840061,-74.002472133997557
290.0,40.76020258,-73.96478473
365.0,40.68223166,-73.9614583
4272.0,40.771203,-73.903865
3115.0,40.73232194,-73.9550858
3357.0,40.8008363,-73.9664492472
3818.0,40.729840148204936,-73.9483898224096
2021.0,40.75929124,-73.98859651
440.0,40.752554337474734,-73.972826255346959
3499.0,40.8006721,-73.9349
412.0,40.715815500691612,-73.994223662910173
3942.0,40.8190344,-73.956156
3104.0,40.72057658,-73.96150225
3733.0,40.730563,-73.973984
3486.0,40.688417435531463,-73.984516581378358
3391.0,40.7892529,-73.93956237
3169.0,40.78720869,-73.98128127
4220.0,40.823061,-73.941928
397.0,40.68415748,-73.96922273
3111.0,40.7258483,-73.95064893
157.0,40.69089272,-73.99612349
3603.0,40.7647,-73.9240312
2002.0,40.716886995850047,-73.963197994394989
325.0,40.73624527,-73.98473765
4114.0,40.79558,-73.91906
3372.0,40.7689738,-73.95482273
3809.0,40.763189105883583,-73.978434211767166
361.0,40.716058659806265,-73.9919075903052
271.0,40.685279774596459,-73.978056126088489
3819.0,40.73396,-73.95204
3016.0,40.720615301812394,-73.9616630684976
401.0,40.72019575647311,-73.989978247114649
4190.0,40.840683,-73.915073
3342.0,40.6777748,-74.0094613
3899.0,40.72084,-73.94844
4071.0,40.835775,-73.9434
3981.0,40.830476,-73.939929
3515.0,40.774591,-73.918544
3360.0,40.78293909177556,-73.9786517118081
2023.0,40.75968085,-73.97031366
4185.0,40.839335,-73.886445
150.0,40.720873611063858,-73.98085794157295
3715.0,40.718169708445387,-73.955201370976184
3301.0,40.79195568586411,-73.968086998713162
439.0,40.7262807,-73.98978041
423.0,40.765849416027507,-73.986905055258745
3151.0,40.772838403136454,-73.949892332089718
471.0,40.71286844,-73.95698119
4261.0,40.774306,-73.908335
3781.0,40.698568,-73.918877
3954.0,40.807239768115942,-73.907999014492745
3858.0,40.73124,-73.95161
4020.0,40.825125,-73.941616
3997.0,40.815484,-73.935856
3070.0,40.70510918,-73.94407279
350.0,40.71559509,-73.9870295
4167.0,40.84301,-73.91172
3992.0,40.8428422,-73.9421253
3472.0,40.742753830516037,-74.007473584417269
352.0,40.76340613,-73.97722479
3328.0,40.794999986426689,-73.96450000678665
3810.0,40.782593,-73.971211
3088.0,40.7160751,-73.952029
3286.0,40.780628417294821,-73.952166710507271
3144.0,40.77677702,-73.9590097
224.0,40.71146364,-74.00552427
3314.0,40.7937704,-73.971888
3325.0,40.7849032,-73.950503
3650.0,45.50607464622729,-73.568999022245379
4052.0,40.83618,-73.939789
4041.0,40.825289,-73.936232
3615.0,40.748,-73.9460927
382.0,40.73492695,-73.99200509
359.0,40.755102669521833,-73.974986955403423
3432.0,40.66896436941299,-73.994357136922176
3434.0,40.790254173304191,-73.977183401584611
3230.0,40.751283596962296,-73.99692445993422
3235.0,40.752165280621966,-73.979921936988816
3414.0,40.680944723477296,-73.975673317909227
3999.0,40.816959710324639,-73.9422959089279
3683.0,40.710154710949119,-73.984535336494432
3745.0,40.756512729849547,-73.929574862122521
3429.0,40.685068073081773,-73.977907598018632
3099.0,40.721522403393031,-73.94898265600203
3701.0,40.708317943663957,-74.005040824413285
3647.0,40.741283093559929,-73.937258720397935
3488.0,45.506364054011385,-73.5694634914398
3654.0,40.751869514218747,-73.933492898941026
3138.0,40.774405455003,-73.961752653121934
4038.0,40.75370225419114,-73.958652019500718
3260.0,40.727063633483063,-73.996621370315538
3237.0,40.753833434376219,-73.942676782608018